timestamp,timestamp_readable,soil_moisture,temperature,humidity,light,last_irrigated,time_since_irrigation,irrigation_needed,irrigation_event,minutes,moisture_drop_rate
45994.47292,03-12-2025 11:21,38.92,30,72.8,36,,-1485,0,0,0,0
45994.475,03-12-2025 11:24,40.14,30.1,72.1,30,,-1482,0,0,3,0.4067
45994.47708,03-12-2025 11:27,37.93,30.4,71.5,43,,-1479,0,0,3,-0.7367
45994.47917,03-12-2025 11:30,40.41,30.6,70.1,31,,-1476,0,0,3,0.8267
45994.48125,03-12-2025 11:33,38.38,30.6,70,29,,-1473,0,0,3,-0.6767
45994.48333,03-12-2025 11:36,38.24,30.8,69.5,31,,-1470,0,0,3,-0.0467
45994.48542,03-12-2025 11:39,38.2,30.9,67.6,25,,-1467,0,0,3,-0.0133
45994.4875,03-12-2025 11:42,38.42,30.8,69.3,30,,-1464,0,0,3,0.0733
45994.48958,03-12-2025 11:45,35.59,30.9,69.1,30,,-1461,0,0,3,-0.9433
45994.49167,03-12-2025 11:48,37.03,30.9,69,27,,-1458,0,0,3,0.48
45994.49375,03-12-2025 11:51,37.52,31,68.2,27,,-1455,0,0,3,0.1633
45994.49583,03-12-2025 11:54,36.85,30.9,68.6,28,,-1452,0,0,3,-0.2233
45994.49792,03-12-2025 11:57,35.86,30.7,68.9,26,,-1449,0,0,3,-0.33
45994.5,03-12-2025 12:00,35.68,31,68.2,28,,-1446,0,0,3,-0.06
45994.50208,03-12-2025 12:03,36.26,31.1,67,27,,-1443,0,0,3,0.1933
45994.50417,03-12-2025 12:06,35.9,31,67.8,30,,-1440,0,0,3,-0.12
45994.50625,03-12-2025 12:09,36.17,31,67.9,27,,-1437,0,0,3,0.09
45994.50833,03-12-2025 12:12,38.11,31,68.3,28,,-1434,0,0,3,0.6467
45994.51042,03-12-2025 12:15,41.17,31,68,31,,-1431,0,0,3,1.02
45994.5125,03-12-2025 12:18,34.95,30.9,68,27,,-1428,0,0,3,-2.0733
45994.51458,03-12-2025 12:21,31.58,31,68.7,24,,-1425,0,0,3,-1.1233
45994.51667,03-12-2025 12:24,32.97,31,68.1,24,,-1422,0,0,3,0.4633
45994.51875,03-12-2025 12:27,30.45,30.9,67.6,26,,-1419,0,0,3,-0.84
45994.52083,03-12-2025 12:30,26.89,31,68.9,20,,-1416,0,0,3,-1.1867
45994.52292,03-12-2025 12:33,28.15,31,68.5,16,,-1413,0,0,3,0.42
45994.525,03-12-2025 12:36,28.83,30.7,68.9,16,,-1410,0,0,3,0.2267
45994.52708,03-12-2025 12:39,26.62,30.5,69.6,16,,-1407,0,0,3,-0.7367
45994.52917,03-12-2025 12:42,27.21,30.5,69.7,16,,-1404,0,0,3,0.1967
45994.53125,03-12-2025 12:45,27.61,30.7,69.3,13,,-1401,0,0,3,0.1333
45994.53333,03-12-2025 12:48,28.83,30.8,68.8,59,,-1398,0,0,3,0.4067
45994.53542,03-12-2025 12:51,29.5,30.6,69.6,15,,-1395,0,0,3,0.2233
45994.5375,03-12-2025 12:54,26.62,30.7,70.8,16,,-1392,0,0,3,-0.96
45994.53958,03-12-2025 12:57,30.23,30.9,69.7,16,,-1389,0,0,3,1.2033
45994.54167,03-12-2025 13:00,30.32,31,69.8,16,,-1386,0,0,3,0.03
45994.54375,03-12-2025 13:03,29.91,31,69.5,16,,-1383,0,0,3,-0.1367
45994.54583,03-12-2025 13:06,32.25,31,69.7,11,,-1380,0,0,3,0.78
45994.54792,03-12-2025 13:09,33.06,30.5,70.6,14,,-1377,0,0,3,0.27
45994.55,03-12-2025 13:12,32.16,30.4,71.3,15,,-1374,0,0,3,-0.3
45994.55208,03-12-2025 13:15,32.75,30.4,71.4,16,,-1371,0,0,3,0.1967
45994.55417,03-12-2025 13:18,34.23,30.4,71.5,14,,-1368,0,0,3,0.4933
45994.55625,03-12-2025 13:21,32.84,30.3,71.6,15,,-1365,0,0,3,-0.4633
45994.55833,03-12-2025 13:24,34.59,30.4,70.9,16,,-1362,0,0,3,0.5833
45994.56042,03-12-2025 13:27,34.86,30.5,70.5,16,,-1359,0,0,3,0.09
45994.5625,03-12-2025 13:30,33.83,30.6,70.3,16,,-1356,0,0,3,-0.3433
45994.56458,03-12-2025 13:33,35.5,30.5,70.6,16,,-1353,0,0,3,0.5567
45994.56667,03-12-2025 13:36,33.74,30.8,69.7,14,,-1350,0,0,3,-0.5867
45994.56875,03-12-2025 13:39,33.15,30.9,69.7,16,,-1347,0,0,3,-0.1967
45994.57083,03-12-2025 13:42,33.92,30.9,69.3,16,,-1344,0,0,3,0.2567
45994.57292,03-12-2025 13:45,34.82,30.9,69.4,15,,-1341,0,0,3,0.3
45994.575,03-12-2025 13:48,37.57,30.9,69.4,15,,-1338,0,0,3,0.9167
45994.57708,03-12-2025 13:51,35.72,30.5,70.6,16,,-1335,0,0,3,-0.6167
45994.57917,03-12-2025 13:54,36.94,31.1,68.8,0,,-1332,0,0,3,0.4067
45994.58125,03-12-2025 13:57,35.86,31.1,69.1,16,,-1329,0,0,3,-0.36
45994.58333,03-12-2025 14:00,35.14,31,69.9,15,,-1326,0,0,3,-0.24
45994.58542,03-12-2025 14:03,32.12,30.8,70.9,15,,-1323,0,0,3,-1.0067
45994.5875,03-12-2025 14:06,34.28,30.9,70.8,16,,-1320,0,0,3,0.72
45994.58958,03-12-2025 14:09,33.2,30.8,71.5,16,,-1317,0,0,3,-0.36
45994.59167,03-12-2025 14:12,33.69,30.7,71.7,22,,-1314,0,0,3,0.1633
45994.59375,03-12-2025 14:15,34.55,30.6,72.3,15,,-1311,0,0,3,0.2867
45994.59583,03-12-2025 14:18,34.23,30.5,72.9,16,,-1308,0,0,3,-0.1067
45994.59792,03-12-2025 14:21,34.59,30.3,74.6,15,,-1305,0,0,3,0.12
45994.6,03-12-2025 14:24,35.41,30.3,76.5,16,,-1302,0,0,3,0.2733
45994.60208,03-12-2025 14:27,36.04,30.2,76.1,16,,-1299,0,0,3,0.21
45994.60417,03-12-2025 14:30,35.99,30.2,76.3,16,,-1296,0,0,3,-0.0167
45994.60625,03-12-2025 14:33,37.16,30.1,77.6,14,,-1293,0,0,3,0.39
45994.60833,03-12-2025 14:36,38.11,29.9,78.5,15,,-1290,0,0,3,0.3167
45994.61042,03-12-2025 14:39,37.61,29.8,78.5,16,,-1287,0,0,3,-0.1667
45994.6125,03-12-2025 14:42,37.93,29.7,78.9,11,,-1284,0,0,3,0.1067
45994.61458,03-12-2025 14:45,36.76,29.7,79.4,15,,-1281,0,0,3,-0.39
45994.61667,03-12-2025 14:48,36.76,29.6,79.1,15,,-1278,0,0,3,0
45994.61875,03-12-2025 14:51,36.44,29.6,79.8,15,,-1275,0,0,3,-0.1067
45994.62083,03-12-2025 14:54,35.54,29.6,79.3,13,,-1272,0,0,3,-0.3
45994.62292,03-12-2025 14:57,36.08,29.5,79.5,14,,-1269,0,0,3,0.18
45994.625,03-12-2025 15:00,34.23,29.4,79.8,15,,-1266,0,0,3,-0.6167
45994.62708,03-12-2025 15:03,36.44,29.4,80.1,14,,-1263,0,0,3,0.7367
45994.62917,03-12-2025 15:06,35.54,29.4,80.2,14,,-1260,0,0,3,-0.3
45994.63125,03-12-2025 15:09,35.59,29.4,79.9,15,,-1257,0,0,3,0.0167
45994.63333,03-12-2025 15:12,36.49,29.3,80.3,16,,-1254,0,0,3,0.3
45994.63542,03-12-2025 15:15,33.83,29.4,79.8,16,,-1251,0,0,3,-0.8867
45994.6375,03-12-2025 15:18,34.59,29.5,79.7,16,,-1248,0,0,3,0.2533
45994.63958,03-12-2025 15:21,34.64,29.5,80.3,15,,-1245,0,0,3,0.0167
45994.64167,03-12-2025 15:24,37.57,29.5,79.9,16,,-1242,0,0,3,0.9767
45994.64375,03-12-2025 15:27,34.95,29.6,79.9,21,,-1239,0,0,3,-0.8733
45994.64583,03-12-2025 15:30,36.04,29.7,79.3,15,,-1236,0,0,3,0.3633
45994.64792,03-12-2025 15:33,35.77,29.7,79.4,13,,-1233,0,0,3,-0.09
45994.65,03-12-2025 15:36,34.32,29.7,79.7,15,,-1230,0,0,3,-0.4833
45994.65208,03-12-2025 15:39,34.59,29.8,79.5,16,,-1227,0,0,3,0.09
45994.65417,03-12-2025 15:42,35.54,29.8,79.6,14,,-1224,0,0,3,0.3167
45994.65625,03-12-2025 15:45,36.04,29.7,79.1,16,,-1221,0,0,3,0.1667
45994.65833,03-12-2025 15:48,36.22,29.8,79.4,16,,-1218,0,0,3,0.06
45994.66042,03-12-2025 15:51,35.5,29.6,79.7,16,,-1215,0,0,3,-0.24
45994.6625,03-12-2025 15:54,36.67,29.4,80.4,18,,-1212,0,0,3,0.39
45994.66458,03-12-2025 15:57,37.16,29.3,80.5,15,,-1209,0,0,3,0.1633
45994.66667,03-12-2025 16:00,37.93,29.3,80.4,16,,-1206,0,0,3,0.2567
45994.66875,03-12-2025 16:03,37.52,29.3,80.4,18,,-1203,0,0,3,-0.1367
45994.67083,03-12-2025 16:06,37.75,29.3,80.3,18,,-1200,0,0,3,0.0767
45994.67292,03-12-2025 16:09,34.23,29.3,80.3,18,,-1197,0,0,3,-1.1733
45994.675,03-12-2025 16:12,38.2,29.3,80.3,16,,-1194,0,0,3,1.3233
45994.67708,03-12-2025 16:15,38.11,29.3,80.2,17,,-1191,0,0,3,-0.03
45994.67917,03-12-2025 16:18,36.62,29.4,79.8,18,,-1188,0,0,3,-0.4967
45994.68125,03-12-2025 16:21,38.15,29.4,79.8,15,,-1185,0,0,3,0.51
45994.68333,03-12-2025 16:24,38.2,29.3,79.8,16,,-1182,0,0,3,0.0167
45994.68542,03-12-2025 16:27,38.47,29.4,79.8,16,,-1179,0,0,3,0.09
45994.6875,03-12-2025 16:30,37.75,29.3,79.8,16,,-1176,0,0,3,-0.24
45994.68958,03-12-2025 16:33,38.42,29.4,79.6,16,,-1173,0,0,3,0.2233
45994.69167,03-12-2025 16:36,37.61,29.4,79.5,16,,-1170,0,0,3,-0.27
45994.69375,03-12-2025 16:39,40,29.4,79.4,16,,-1167,0,0,3,0.7967
45994.69583,03-12-2025 16:42,40.72,29.4,79.4,16,,-1164,0,0,3,0.24
45994.69792,03-12-2025 16:45,40.5,29.4,79.4,16,,-1161,0,0,3,-0.0733
45994.7,03-12-2025 16:48,40.18,29.3,79.4,16,,-1158,0,0,3,-0.1067
45994.70208,03-12-2025 16:51,39.55,29.3,79.4,16,,-1155,0,0,3,-0.21
45994.70417,03-12-2025 16:54,39.41,29.3,79.3,16,,-1152,0,0,3,-0.0467
45994.70625,03-12-2025 16:57,52.88,29.3,79.1,33,,-1149,0,0,3,4.49
45995.46667,04-12-2025 11:12,14.41,30,75.3,27,,-54,1,0,1095,-0.0351
45995.46875,04-12-2025 11:15,13.65,30,75.3,35,,-51,1,0,3,-0.2533
45995.47083,04-12-2025 11:18,13.6,30,75.3,22,,-48,1,0,3,-0.0167
45995.47292,04-12-2025 11:21,11.49,30.1,74.9,19,,-45,1,0,3,-0.7033
45995.475,04-12-2025 11:24,10.77,30.3,74.1,30,,-42,1,0,3,-0.24
45995.47708,04-12-2025 11:27,10.77,30.3,74.3,31,,-39,1,0,3,0
45995.47917,04-12-2025 11:30,10.63,30.3,74.3,32,,-36,1,0,3,-0.0467
45995.48125,04-12-2025 11:33,9.28,30.3,74.1,32,,-33,1,0,3,-0.45
45995.48333,04-12-2025 11:36,11.53,30.3,74.2,109,,-30,1,0,3,0.75
45995.48542,04-12-2025 11:39,11.17,30.4,74.2,27,,-27,1,0,3,-0.12
45995.4875,04-12-2025 11:42,10.54,30.5,73.7,31,,-24,1,0,3,-0.21
45995.48958,04-12-2025 11:45,10.18,30.5,73.8,29,,-21,1,0,3,-0.12
45995.49167,04-12-2025 11:48,10.77,30.3,73.9,31,,-18,1,0,3,0.1967
45995.49375,04-12-2025 11:51,10.77,30.3,74.3,31,,-15,1,0,3,0
45995.49583,04-12-2025 11:54,9.82,30.3,74.6,23,,-12,1,0,3,-0.3167
45995.49792,04-12-2025 11:57,12.07,30.4,74.4,30,,-9,1,0,3,0.75
45995.5,04-12-2025 12:00,15.77,30.5,73.8,30,,-6,0,0,3,1.2333
45995.50208,04-12-2025 12:03,13.33,30.3,74,33,,-3,1,0,3,-0.8133
45995.50417,04-12-2025 12:06,14.19,30.3,73.9,27,04-12-2025 12:06,0,1,1,3,0.2867
45995.50625,04-12-2025 12:09,16.89,30.3,74.7,29,04-12-2025 12:06,3,0,0,3,0.9
45995.50833,04-12-2025 12:12,19.28,30.3,74.5,30,04-12-2025 12:06,6,0,0,3,0.7967
45995.51042,04-12-2025 12:15,16.53,30.3,74.1,29,04-12-2025 12:06,9,0,0,3,-0.9167
45995.5125,04-12-2025 12:18,17.07,30.3,74.2,30,04-12-2025 12:06,12,0,0,3,0.18
45995.51458,04-12-2025 12:21,15.5,30.4,73.7,29,04-12-2025 12:06,15,0,0,3,-0.5233
45995.51667,04-12-2025 12:24,14.77,30.3,73.7,31,04-12-2025 12:06,18,1,0,3,-0.2433
45995.51875,04-12-2025 12:27,14.37,30.3,73.9,29,04-12-2025 12:06,21,1,0,3,-0.1333
45995.52083,04-12-2025 12:30,17.97,30.2,74.4,30,04-12-2025 12:06,24,0,0,3,1.2
45995.52292,04-12-2025 12:33,14.64,30.2,74.3,29,04-12-2025 12:06,27,1,0,3,-1.11
45995.525,04-12-2025 12:36,14.41,30.2,74.4,26,04-12-2025 12:06,30,1,0,3,-0.0767
45995.52708,04-12-2025 12:39,15.41,30.2,74.4,30,04-12-2025 12:06,33,0,0,3,0.3333
45995.52917,04-12-2025 12:42,16.98,30.2,74.2,28,04-12-2025 12:06,36,0,0,3,0.5233
45995.53125,04-12-2025 12:45,17.66,30.2,74.2,29,04-12-2025 12:06,39,0,0,3,0.2267
45995.53333,04-12-2025 12:48,17.34,30.1,74.2,28,04-12-2025 12:06,42,0,0,3,-0.1067
45995.53542,04-12-2025 12:51,18.51,30.2,74.2,27,04-12-2025 12:06,45,0,0,3,0.39
45995.5375,04-12-2025 12:54,20.81,30.2,74,30,04-12-2025 12:06,48,0,0,3,0.7667
45995.53958,04-12-2025 12:57,20.59,30.2,74.1,29,04-12-2025 12:06,51,0,0,3,-0.0733
45995.54167,04-12-2025 13:00,21.85,30.1,74.3,26,04-12-2025 12:06,54,0,0,3,0.42
45995.54375,04-12-2025 13:03,23.06,30.1,74.5,27,04-12-2025 12:06,57,0,0,3,0.4033
45995.54583,04-12-2025 13:06,20.9,30.1,74.4,73,04-12-2025 12:06,60,0,0,3,-0.72
45995.54792,04-12-2025 13:09,20.23,30.2,74.4,29,04-12-2025 12:06,63,0,0,3,-0.2233
45995.55,04-12-2025 13:12,26.58,30.3,73.5,29,04-12-2025 12:06,66,0,0,3,2.1167
45995.55208,04-12-2025 13:15,28.87,30.2,73.5,30,04-12-2025 12:06,69,0,0,3,0.7633
45995.55417,04-12-2025 13:18,30.5,30.1,74.1,29,04-12-2025 12:06,72,0,0,3,0.5433
45995.55625,04-12-2025 13:21,30.32,30.1,74,32,04-12-2025 12:06,75,0,0,3,-0.06
45995.55833,04-12-2025 13:24,31.17,30.2,73.7,29,04-12-2025 12:06,78,0,0,3,0.2833
45995.56042,04-12-2025 13:27,31.53,30.2,73.6,31,04-12-2025 12:06,81,0,0,3,0.12
45995.5625,04-12-2025 13:30,30.81,30.3,73.9,29,04-12-2025 12:06,84,0,0,3,-0.24
45995.56458,04-12-2025 13:33,30.09,30.3,73.8,28,04-12-2025 12:06,87,0,0,3,-0.24
45995.56667,04-12-2025 13:36,32.34,30.2,74.2,31,04-12-2025 12:06,90,0,0,3,0.75
45995.56875,04-12-2025 13:39,32.88,30.1,74.6,31,04-12-2025 12:06,93,0,0,3,0.18
45995.57083,04-12-2025 13:42,36.17,30.1,74.8,29,04-12-2025 12:06,96,0,0,3,1.0967
45995.57292,04-12-2025 13:45,37.43,30.2,74.6,30,04-12-2025 12:06,99,0,0,3,0.42
45995.575,04-12-2025 13:48,38.15,30.2,74.6,27,04-12-2025 12:06,102,0,0,3,0.24
45995.57708,04-12-2025 13:51,38.56,30.2,74.7,26,04-12-2025 12:06,105,0,0,3,0.1367
45995.57917,04-12-2025 13:54,40.81,30.2,74.6,25,04-12-2025 12:06,108,0,0,3,0.75
45995.58125,04-12-2025 13:57,42.61,30.2,74.8,30,04-12-2025 12:06,111,0,0,3,0.6
45995.58333,04-12-2025 14:00,41.35,30.2,74.8,28,04-12-2025 12:06,114,0,0,3,-0.42
45995.58542,04-12-2025 14:03,41.89,30.2,74.9,31,04-12-2025 12:06,117,0,0,3,0.18
45995.5875,04-12-2025 14:06,43.29,29.9,76.1,25,04-12-2025 12:06,120,0,0,3,0.4667
45995.58958,04-12-2025 14:09,45.36,29.6,77.5,25,04-12-2025 12:06,123,0,0,3,0.69
45995.59167,04-12-2025 14:12,53.47,29.5,77.8,28,04-12-2025 12:06,126,0,0,3,2.7033
45995.59375,04-12-2025 14:15,48.2,29.8,76.8,28,04-12-2025 12:06,129,0,0,3,-1.7567
45995.59583,04-12-2025 14:18,48.2,29.9,76.4,27,04-12-2025 12:06,132,0,0,3,0
45995.59792,04-12-2025 14:21,49.23,30,75.3,23,04-12-2025 12:06,135,0,0,3,0.3433
45995.6,04-12-2025 14:24,51.4,29.9,75.8,27,04-12-2025 12:06,138,0,0,3,0.7233
45995.60208,04-12-2025 14:27,60.72,30.1,74.9,28,04-12-2025 12:06,141,0,0,3,3.1067
45995.60417,04-12-2025 14:30,54.59,30.2,74.3,35,04-12-2025 12:06,144,0,0,3,-2.0433
45995.60625,04-12-2025 14:33,54.82,30.4,73.7,26,04-12-2025 12:06,147,0,0,3,0.0767
45995.60833,04-12-2025 14:36,54.23,29.9,75.3,29,04-12-2025 12:06,150,0,0,3,-0.1967
45995.61042,04-12-2025 14:39,57.12,30.1,75,26,04-12-2025 12:06,153,0,0,3,0.9633
45995.6125,04-12-2025 14:42,60.23,30.2,74.3,27,04-12-2025 12:06,156,0,0,3,1.0367
45995.61458,04-12-2025 14:45,59.5,30.2,74.4,16,04-12-2025 12:06,159,0,0,3,-0.2433
45995.61667,04-12-2025 14:48,59.32,30.1,74.8,25,04-12-2025 12:06,162,0,0,3,-0.06
45995.61875,04-12-2025 14:51,59.46,29.9,75.2,26,04-12-2025 12:06,165,0,0,3,0.0467
45995.62083,04-12-2025 14:54,60.63,30.1,74.5,27,04-12-2025 12:06,168,0,0,3,0.39
45995.62292,04-12-2025 14:57,60.99,30.1,73.9,27,04-12-2025 12:06,171,0,0,3,0.12
45995.625,04-12-2025 15:00,64.5,30,74.5,26,04-12-2025 12:06,174,0,0,3,1.17
45995.62708,04-12-2025 15:03,64.5,30.2,73.3,27,04-12-2025 12:06,177,0,0,3,0
45995.62917,04-12-2025 15:06,63.6,30.3,72.6,27,04-12-2025 12:06,180,0,0,3,-0.3
45995.63125,04-12-2025 15:09,64.01,30.2,72.7,26,04-12-2025 12:06,183,0,0,3,0.1367
45995.63333,04-12-2025 15:12,64.41,30.3,71.9,27,04-12-2025 12:06,186,0,0,3,0.1333
45995.63542,04-12-2025 15:15,65.54,30.3,72,28,04-12-2025 12:06,189,0,0,3,0.3767
45995.6375,04-12-2025 15:18,65.54,30.3,71.7,26,04-12-2025 12:06,192,0,0,3,0
45995.63958,04-12-2025 15:21,65.95,30.1,73,26,04-12-2025 12:06,195,0,0,3,0.1367
45995.64167,04-12-2025 15:24,66.13,30.3,71.7,27,04-12-2025 12:06,198,0,0,3,0.06
45995.64375,04-12-2025 15:27,66.49,30.3,71.9,58,04-12-2025 12:06,201,0,0,3,0.12
45995.64583,04-12-2025 15:30,68.15,30.1,72.4,26,04-12-2025 12:06,204,0,0,3,0.5533
45995.64792,04-12-2025 15:33,67.39,30.1,72.3,27,04-12-2025 12:06,207,0,0,3,-0.2533
45995.65,04-12-2025 15:36,68.15,29.9,73.3,27,04-12-2025 12:06,210,0,0,3,0.2533
45995.65208,04-12-2025 15:39,67.39,30.2,71.9,26,04-12-2025 12:06,213,0,0,3,-0.2533
45995.65417,04-12-2025 15:42,69.19,30.1,71.9,23,04-12-2025 12:06,216,0,0,3,0.6
45995.65625,04-12-2025 15:45,69.19,30,72.3,26,04-12-2025 12:06,219,0,0,3,0
45995.65833,04-12-2025 15:48,69.64,30,71.9,26,04-12-2025 12:06,222,0,0,3,0.15
45995.66042,04-12-2025 15:51,69.95,29.9,72.2,25,04-12-2025 12:06,225,0,0,3,0.1033
45995.6625,04-12-2025 15:54,69.55,29.9,72.5,27,04-12-2025 12:06,228,0,0,3,-0.1333
45995.66458,04-12-2025 15:57,69.19,30,72.2,24,04-12-2025 12:06,231,0,0,3,-0.12
45995.66667,04-12-2025 16:00,69.19,30.1,71.6,25,04-12-2025 12:06,234,0,0,3,0
45995.66875,04-12-2025 16:03,69.19,29.9,71.6,25,04-12-2025 12:06,237,0,0,3,0
45995.67083,04-12-2025 16:06,69.64,29.7,72.7,23,04-12-2025 12:06,240,0,0,3,0.15
45995.67292,04-12-2025 16:09,67.93,29.7,73.4,23,04-12-2025 12:06,243,0,0,3,-0.57
45995.675,04-12-2025 16:12,68.02,29.6,73,23,04-12-2025 12:06,246,0,0,3,0.03
45995.67708,04-12-2025 16:15,69.19,29.5,74,26,04-12-2025 12:06,249,0,0,3,0.39
45995.67917,04-12-2025 16:18,70.99,29.4,74.8,27,04-12-2025 12:06,252,0,0,3,0.6
45995.68125,04-12-2025 16:21,69.19,29.4,75.5,27,04-12-2025 12:06,255,0,0,3,-0.6
45995.68333,04-12-2025 16:24,70.63,29.3,75.6,27,04-12-2025 12:06,258,0,0,3,0.48
45995.68542,04-12-2025 16:27,69.91,29.2,75.5,17,04-12-2025 12:06,261,0,0,3,-0.24
45995.6875,04-12-2025 16:30,71.35,29.2,75.2,26,04-12-2025 12:06,264,0,0,3,0.48
45995.68958,04-12-2025 16:33,69.82,29.2,75.2,26,04-12-2025 12:06,267,0,0,3,-0.51
45995.69167,04-12-2025 16:36,69.91,29.3,75,22,04-12-2025 12:06,270,0,0,3,0.03
45995.69375,04-12-2025 16:39,71.22,29.3,75.3,23,04-12-2025 12:06,273,0,0,3,0.4367
45995.69583,04-12-2025 16:42,70.09,29.3,75.4,25,04-12-2025 12:06,276,0,0,3,-0.3767
45995.69792,04-12-2025 16:45,69.19,29.2,75.7,25,04-12-2025 12:06,279,0,0,3,-0.3
45995.7,04-12-2025 16:48,70,29.2,76.1,22,04-12-2025 12:06,282,0,0,3,0.27
45995.70208,04-12-2025 16:51,69.19,29,76.4,26,04-12-2025 12:06,285,0,0,3,-0.27
45995.70417,04-12-2025 16:54,70.32,28.8,76.8,21,04-12-2025 12:06,288,0,0,3,0.3767
45995.70625,04-12-2025 16:57,69.64,28.5,77.4,37,04-12-2025 12:06,291,0,0,3,-0.2267
45995.70833,04-12-2025 17:00,70.45,28.1,78.4,35,04-12-2025 12:06,294,0,0,3,0.27
45995.71042,04-12-2025 17:03,70.59,27.4,82.2,37,04-12-2025 12:06,297,0,0,3,0.0467
45995.7125,04-12-2025 17:06,71.31,27.3,80.2,35,04-12-2025 12:06,300,0,0,3,0.24
45995.71458,04-12-2025 17:09,71.35,27.1,82.8,32,04-12-2025 12:06,303,0,0,3,0.0133
45995.71667,04-12-2025 17:12,71.94,27.4,82.9,37,04-12-2025 12:06,306,0,0,3,0.1967
45995.71875,04-12-2025 17:15,72.12,27.7,82.1,32,04-12-2025 12:06,309,0,0,3,0.06
45995.72083,04-12-2025 17:18,71.22,27.9,80.6,36,04-12-2025 12:06,312,0,0,3,-0.3
45995.72292,04-12-2025 17:21,69.86,27.5,81.8,4095,04-12-2025 12:06,315,0,0,3,-0.4533
45995.725,04-12-2025 17:24,69.19,27.4,82.1,4095,04-12-2025 12:06,318,0,0,3,-0.2233
45995.72708,04-12-2025 17:27,69.95,27.3,81.6,4095,04-12-2025 12:06,321,0,0,3,0.2533
45995.72917,04-12-2025 17:30,69.19,27.4,82.2,4095,04-12-2025 12:06,324,0,0,3,-0.2533
45995.73125,04-12-2025 17:33,70.09,27,81.2,4095,04-12-2025 12:06,327,0,0,3,0.3
45995.73333,04-12-2025 17:36,71.08,27.2,80.7,4095,04-12-2025 12:06,330,0,0,3,0.33
45995.73542,04-12-2025 17:39,70.63,27.4,79.8,4095,04-12-2025 12:06,333,0,0,3,-0.15
45995.7375,04-12-2025 17:42,71.17,27.3,78.7,4095,04-12-2025 12:06,336,0,0,3,0.18
45995.73958,04-12-2025 17:45,69.86,27.4,79.1,4095,04-12-2025 12:06,339,0,0,3,-0.4367
45995.74167,04-12-2025 17:48,70.68,27.5,79.4,4095,04-12-2025 12:06,342,0,0,3,0.2733
45995.74375,04-12-2025 17:51,69.82,27.2,81,4095,04-12-2025 12:06,345,0,0,3,-0.2867
45995.74583,04-12-2025 17:54,69.23,27.5,78.9,4095,04-12-2025 12:06,348,0,0,3,-0.1967
45995.74792,04-12-2025 17:57,69.19,26.7,82,4095,04-12-2025 12:06,351,0,0,3,-0.0133
45995.75,04-12-2025 18:00,69.19,26.5,82,4095,04-12-2025 12:06,354,0,0,3,0
45995.75208,04-12-2025 18:03,69.46,26.4,83.3,4095,04-12-2025 12:06,357,0,0,3,0.09
45995.75417,04-12-2025 18:06,70.9,26.4,84.2,4095,04-12-2025 12:06,360,0,0,3,0.48
45995.75625,04-12-2025 18:09,69.23,26.2,84,4095,04-12-2025 12:06,363,0,0,3,-0.5567
45995.75833,04-12-2025 18:12,69.86,26.1,84,4095,04-12-2025 12:06,366,0,0,3,0.21
45995.76042,04-12-2025 18:15,69.95,26.3,83.8,4095,04-12-2025 12:06,369,0,0,3,0.03
45995.7625,04-12-2025 18:18,69.91,26.7,82.6,4095,04-12-2025 12:06,372,0,0,3,-0.0133
45995.76458,04-12-2025 18:21,73.6,26.6,82.8,4095,04-12-2025 12:06,375,0,0,3,1.23
45995.76667,04-12-2025 18:24,71.31,26.8,81.5,4095,04-12-2025 12:06,378,0,0,3,-0.7633
45995.76875,04-12-2025 18:27,71.08,26.7,82.4,4095,04-12-2025 12:06,381,0,0,3,-0.0767
45996.45547,05-12-2025 10:55,60.9,30.3,72,30,04-12-2025 12:06,1369,0,0,988,-0.0103
45996.45756,05-12-2025 10:58,60.36,30.3,72,25,04-12-2025 12:06,1372,0,0,3,-0.18
45996.45964,05-12-2025 11:01,57.7,30.4,72,20,04-12-2025 12:06,1375,0,0,3,-0.8867
45996.46172,05-12-2025 11:04,57.12,30.5,71.4,23,04-12-2025 12:06,1378,0,0,3,-0.1933
45996.46381,05-12-2025 11:07,57.07,30.7,70.9,25,04-12-2025 12:06,1381,0,0,3,-0.0167
45996.46589,05-12-2025 11:10,56.17,30.9,70.7,23,04-12-2025 12:06,1384,0,0,3,-0.3
45996.46797,05-12-2025 11:13,56.85,31.1,70.4,35,04-12-2025 12:06,1387,0,0,3,0.2267
45996.47006,05-12-2025 11:16,58.06,31,70.4,26,04-12-2025 12:06,1390,0,0,3,0.4033
45996.47214,05-12-2025 11:19,58.47,30.9,70.6,22,04-12-2025 12:06,1393,0,0,3,0.1367
45996.47422,05-12-2025 11:22,58.74,30.8,70.4,23,04-12-2025 12:06,1396,0,0,3,0.09
45996.47631,05-12-2025 11:25,57.97,30.8,70.4,23,04-12-2025 12:06,1399,0,0,3,-0.2567
45996.47839,05-12-2025 11:28,58.06,30.7,70.5,24,04-12-2025 12:06,1402,0,0,3,0.03
45996.48047,05-12-2025 11:31,57.48,30.8,70.4,23,04-12-2025 12:06,1405,0,0,3,-0.1933
45996.48256,05-12-2025 11:34,58.38,30.8,70.2,23,04-12-2025 12:06,1408,0,0,3,0.3
45996.48464,05-12-2025 11:37,57.43,30.8,70.3,23,04-12-2025 12:06,1411,0,0,3,-0.3167
45996.48672,05-12-2025 11:40,57.7,30.8,70,24,04-12-2025 12:06,1414,0,0,3,0.09
45996.48881,05-12-2025 11:43,58.15,30.8,69.5,22,04-12-2025 12:06,1417,0,0,3,0.15
45996.49089,05-12-2025 11:46,57.52,30.9,69.5,22,04-12-2025 12:06,1420,0,0,3,-0.21
45996.49297,05-12-2025 11:49,57.34,31,69.2,22,04-12-2025 12:06,1423,0,0,3,-0.06
45996.49506,05-12-2025 11:52,57.57,31.1,68.9,20,04-12-2025 12:06,1426,0,0,3,0.0767
45996.49714,05-12-2025 11:55,57.39,31.2,68.6,20,04-12-2025 12:06,1429,0,0,3,-0.06
45996.49922,05-12-2025 11:58,56.76,31.2,68.6,22,04-12-2025 12:06,1432,0,0,3,-0.21
45996.50131,05-12-2025 12:01,56.04,31.3,68.4,21,04-12-2025 12:06,1435,0,0,3,-0.24
45996.50339,05-12-2025 12:04,56.13,31.3,68.2,22,04-12-2025 12:06,1438,0,0,3,0.03
45996.50547,05-12-2025 12:07,56.17,31.4,68,21,04-12-2025 12:06,1441,0,0,3,0.0133
45996.50756,05-12-2025 12:10,55.99,31.5,67.7,22,04-12-2025 12:06,1444,0,0,3,-0.06
45996.50964,05-12-2025 12:13,55.95,31.6,67.6,22,04-12-2025 12:06,1447,0,0,3,-0.0133
45996.51172,05-12-2025 12:16,56.13,31.7,67.3,21,04-12-2025 12:06,1450,0,0,3,0.06
45996.51381,05-12-2025 12:19,56.89,31.6,67.4,22,04-12-2025 12:06,1453,0,0,3,0.2533
45996.51589,05-12-2025 12:22,56.89,31.7,67.3,22,04-12-2025 12:06,1456,0,0,3,0
45996.51797,05-12-2025 12:25,57.61,31.8,67.1,21,04-12-2025 12:06,1459,0,0,3,0.24
45996.52006,05-12-2025 12:28,58.2,31.8,66.8,21,04-12-2025 12:06,1462,0,0,3,0.1967
45996.52214,05-12-2025 12:31,57.43,31.8,66.8,22,04-12-2025 12:06,1465,0,0,3,-0.2567
45996.52422,05-12-2025 12:34,57.66,31.9,66.6,23,04-12-2025 12:06,1468,0,0,3,0.0767
45996.52631,05-12-2025 12:37,56.62,31.9,66.6,21,04-12-2025 12:06,1471,0,0,3,-0.3467
45996.52839,05-12-2025 12:40,57.57,32,66.3,22,04-12-2025 12:06,1474,0,0,3,0.3167
45996.53047,05-12-2025 12:43,58.6,32.1,66.2,21,04-12-2025 12:06,1477,0,0,3,0.3433
45996.53256,05-12-2025 12:46,57.3,32.2,66,21,04-12-2025 12:06,1480,0,0,3,-0.4333
45996.53464,05-12-2025 12:49,56.98,32.3,65.8,22,04-12-2025 12:06,1483,0,0,3,-0.1067
45996.53672,05-12-2025 12:52,57.84,32.3,65.7,22,04-12-2025 12:06,1486,0,0,3,0.2867
45996.53881,05-12-2025 12:55,57.61,32.4,65.5,22,04-12-2025 12:06,1489,0,0,3,-0.0767
45996.54089,05-12-2025 12:58,57.57,32.4,65.6,22,04-12-2025 12:06,1492,0,0,3,-0.0133
45996.54297,05-12-2025 13:01,57.25,32.4,65.6,23,04-12-2025 12:06,1495,0,0,3,-0.1067
45996.54506,05-12-2025 13:04,56.62,32.5,65.6,21,04-12-2025 12:06,1498,0,0,3,-0.21
45996.54714,05-12-2025 13:07,57.43,32.5,65.5,22,04-12-2025 12:06,1501,0,0,3,0.27
45996.54922,05-12-2025 13:10,57.97,32.5,65.3,22,04-12-2025 12:06,1504,0,0,3,0.18
45996.55131,05-12-2025 13:13,58.06,32.6,65.2,23,04-12-2025 12:06,1507,0,0,3,0.03
45996.55339,05-12-2025 13:16,57.21,32.6,65.3,22,04-12-2025 12:06,1510,0,0,3,-0.2833
45996.55547,05-12-2025 13:19,57.12,32.6,65.1,22,04-12-2025 12:06,1513,0,0,3,-0.03
45996.55756,05-12-2025 13:22,57.75,32.6,65.1,24,04-12-2025 12:06,1516,0,0,3,0.21
45996.55964,05-12-2025 13:25,57.7,32.5,65.1,24,04-12-2025 12:06,1519,0,0,3,-0.0167
45996.56172,05-12-2025 13:28,57.61,32.5,65,22,04-12-2025 12:06,1522,0,0,3,-0.03
45996.56381,05-12-2025 13:31,58.69,32.5,65,22,04-12-2025 12:06,1525,0,0,3,0.36
45996.56589,05-12-2025 13:34,59.28,32.5,64.9,22,04-12-2025 12:06,1528,0,0,3,0.1967
45996.56797,05-12-2025 13:37,59.05,32.5,64.9,24,04-12-2025 12:06,1531,0,0,3,-0.0767
45996.57006,05-12-2025 13:40,58.51,32.5,64.9,25,04-12-2025 12:06,1534,0,0,3,-0.18
45996.57214,05-12-2025 13:43,57.57,32.4,64.9,26,04-12-2025 12:06,1537,0,0,3,-0.3133
45996.57422,05-12-2025 13:46,57.97,32.4,64.9,25,04-12-2025 12:06,1540,0,0,3,0.1333
45996.57631,05-12-2025 13:49,56.31,32.3,65,26,04-12-2025 12:06,1543,0,0,3,-0.5533
45996.57839,05-12-2025 13:52,56.98,32.2,65.1,27,04-12-2025 12:06,1546,0,0,3,0.2233
45996.58047,05-12-2025 13:55,56.94,32.2,65.1,25,04-12-2025 12:06,1549,0,0,3,-0.0133
45996.58256,05-12-2025 13:58,56.17,32.1,65.4,26,04-12-2025 12:06,1552,0,0,3,-0.2567
45996.58464,05-12-2025 14:01,56.08,32,65.6,25,04-12-2025 12:06,1555,0,0,3,-0.03
45996.58672,05-12-2025 14:04,57.07,31.8,65.8,26,04-12-2025 12:06,1558,0,0,3,0.33
45996.58881,05-12-2025 14:07,56.62,31.7,66.1,26,04-12-2025 12:06,1561,0,0,3,-0.15
45996.59089,05-12-2025 14:10,56.89,31.6,66.4,25,04-12-2025 12:06,1564,0,0,3,0.09
45996.59297,05-12-2025 14:13,56.49,31.5,66.6,25,04-12-2025 12:06,1567,0,0,3,-0.1333
45996.59506,05-12-2025 14:16,56.98,31.4,67,25,04-12-2025 12:06,1570,0,0,3,0.1633
45996.59714,05-12-2025 14:19,56.17,31.3,67.3,26,04-12-2025 12:06,1573,0,0,3,-0.27
45996.59922,05-12-2025 14:22,56.13,31.3,67.6,26,04-12-2025 12:06,1576,0,0,3,-0.0133
45996.60131,05-12-2025 14:25,56.71,31.1,68,25,04-12-2025 12:06,1579,0,0,3,0.1933
45996.60339,05-12-2025 14:28,56.4,31.1,68.2,26,04-12-2025 12:06,1582,0,0,3,-0.1033
45996.60547,05-12-2025 14:31,55.99,31,68.5,26,04-12-2025 12:06,1585,0,0,3,-0.1367
45996.60756,05-12-2025 14:34,56.89,30.9,68.9,26,04-12-2025 12:06,1588,0,0,3,0.3
45996.60964,05-12-2025 14:37,56.04,30.8,69.2,25,04-12-2025 12:06,1591,0,0,3,-0.2833
45996.61172,05-12-2025 14:40,55.45,30.7,69.5,26,04-12-2025 12:06,1594,0,0,3,-0.1967
45996.61381,05-12-2025 14:43,54.82,30.7,69.8,25,04-12-2025 12:06,1597,0,0,3,-0.21
45996.61589,05-12-2025 14:46,54.68,30.6,70.1,25,04-12-2025 12:06,1600,0,0,3,-0.0467
45996.61797,05-12-2025 14:49,55.18,30.5,70.3,26,04-12-2025 12:06,1603,0,0,3,0.1667
45996.62007,05-12-2025 14:52,55.41,30.4,70.6,25,04-12-2025 12:06,1606,0,0,3,0.0767
45996.62215,05-12-2025 14:55,54.91,30.4,70.9,25,04-12-2025 12:06,1609,0,0,3,-0.1667
45996.62424,05-12-2025 14:58,54.77,30.3,71.2,25,04-12-2025 12:06,1612,0,0,3,-0.0467
45996.62632,05-12-2025 15:01,55.09,30.3,71.3,26,04-12-2025 12:06,1615,0,0,3,0.1067
45996.6284,05-12-2025 15:04,56.17,30.2,71.5,27,04-12-2025 12:06,1618,0,0,3,0.36
45996.63049,05-12-2025 15:07,56.49,30.1,71.7,27,04-12-2025 12:06,1621,0,0,3,0.1067
45996.63257,05-12-2025 15:10,55.59,30.1,71.8,26,04-12-2025 12:06,1624,0,0,3,-0.3
45996.63465,05-12-2025 15:13,55.68,30.1,72,25,04-12-2025 12:06,1627,0,0,3,0.03
45996.63674,05-12-2025 15:16,56.08,30,72.1,27,04-12-2025 12:06,1630,0,0,3,0.1333
45996.63882,05-12-2025 15:19,56.08,30,72.3,26,04-12-2025 12:06,1633,0,0,3,0
45996.6409,05-12-2025 15:22,57.3,29.9,72.4,25,04-12-2025 12:06,1636,0,0,3,0.4067
45996.64299,05-12-2025 15:25,57.84,29.9,72.5,25,04-12-2025 12:06,1639,0,0,3,0.18
45996.64507,05-12-2025 15:28,56.98,29.9,72.7,25,04-12-2025 12:06,1642,0,0,3,-0.2867
45996.64715,05-12-2025 15:31,58.74,29.8,72.8,25,04-12-2025 12:06,1645,0,0,3,0.5867
45996.64924,05-12-2025 15:34,57.75,29.8,72.9,26,04-12-2025 12:06,1648,0,0,3,-0.33
45996.65132,05-12-2025 15:37,57.48,29.7,73,25,04-12-2025 12:06,1651,0,0,3,-0.09
45996.6534,05-12-2025 15:40,57.34,29.7,73.1,25,04-12-2025 12:06,1654,0,0,3,-0.0467
45996.65549,05-12-2025 15:43,56.76,29.7,73.2,26,04-12-2025 12:06,1657,0,0,3,-0.1933
45996.65757,05-12-2025 15:46,56.98,29.6,73.3,26,04-12-2025 12:06,1660,0,0,3,0.0733
45996.65965,05-12-2025 15:49,57.25,29.6,73.4,25,04-12-2025 12:06,1663,0,0,3,0.09
45996.66174,05-12-2025 15:52,57.88,29.6,73.4,26,04-12-2025 12:06,1666,0,0,3,0.21
45996.66382,05-12-2025 15:55,58.47,29.6,73.4,25,04-12-2025 12:06,1669,0,0,3,0.1967
45996.6659,05-12-2025 15:58,57.79,29.6,73.5,26,04-12-2025 12:06,1672,0,0,3,-0.2267
45996.66799,05-12-2025 16:01,58.87,29.6,73.5,26,04-12-2025 12:06,1675,0,0,3,0.36
45996.67007,05-12-2025 16:04,57.84,29.5,73.5,27,04-12-2025 12:06,1678,0,0,3,-0.3433
45996.67215,05-12-2025 16:07,57.07,29.6,73.5,26,04-12-2025 12:06,1681,0,0,3,-0.2567
45996.67424,05-12-2025 16:10,57.57,29.6,73.6,25,04-12-2025 12:06,1684,0,0,3,0.1667
45996.67632,05-12-2025 16:13,56.4,29.5,73.6,24,04-12-2025 12:06,1687,0,0,3,-0.39
45996.6784,05-12-2025 16:16,56.62,29.5,73.7,25,04-12-2025 12:06,1690,0,0,3,0.0733
45996.68049,05-12-2025 16:19,56.4,29.6,73.8,25,04-12-2025 12:06,1693,0,0,3,-0.0733
45996.68257,05-12-2025 16:22,56.17,29.6,73.8,26,04-12-2025 12:06,1696,0,0,3,-0.0767
45996.68465,05-12-2025 16:25,57.07,29.6,73.8,25,04-12-2025 12:06,1699,0,0,3,0.3
45996.68674,05-12-2025 16:28,56.89,29.6,73.9,27,04-12-2025 12:06,1702,0,0,3,-0.06
45996.68882,05-12-2025 16:31,57.25,29.6,73.9,26,04-12-2025 12:06,1705,0,0,3,0.12
45996.6909,05-12-2025 16:34,57.21,29.6,74,26,04-12-2025 12:06,1708,0,0,3,-0.0133
45996.69299,05-12-2025 16:37,57.48,29.6,74,26,04-12-2025 12:06,1711,0,0,3,0.09
45996.69507,05-12-2025 16:40,57.7,29.6,74.1,26,04-12-2025 12:06,1714,0,0,3,0.0733
45996.69715,05-12-2025 16:43,56.8,29.6,74.1,26,04-12-2025 12:06,1717,0,0,3,-0.3
45996.69924,05-12-2025 16:46,56.62,29.6,74.2,27,04-12-2025 12:06,1720,0,0,3,-0.06
45996.70132,05-12-2025 16:49,56.62,29.6,74.2,28,04-12-2025 12:06,1723,0,0,3,0
45996.7034,05-12-2025 16:52,56.85,29.6,74.3,27,04-12-2025 12:06,1726,0,0,3,0.0767
45996.70549,05-12-2025 16:55,57.34,29.6,74.3,27,04-12-2025 12:06,1729,0,0,3,0.1633
45996.70757,05-12-2025 16:58,57.07,29.6,74.3,28,04-12-2025 12:06,1732,0,0,3,-0.09
45996.70965,05-12-2025 17:01,56.76,29.6,74.4,28,04-12-2025 12:06,1735,0,0,3,-0.1033
45996.71174,05-12-2025 17:04,56.44,29.6,74.4,27,04-12-2025 12:06,1738,0,0,3,-0.1067
45996.71382,05-12-2025 17:07,56.62,29.6,74.4,27,04-12-2025 12:06,1741,0,0,3,0.06
45996.7159,05-12-2025 17:10,56.58,29.6,74.4,29,04-12-2025 12:06,1744,0,0,3,-0.0133
45996.71799,05-12-2025 17:13,57.03,29.6,74.4,27,04-12-2025 12:06,1747,0,0,3,0.15
45996.72007,05-12-2025 17:16,56.53,29.6,74.4,29,04-12-2025 12:06,1750,0,0,3,-0.1667
45996.72215,05-12-2025 17:19,56.67,29.6,74.5,29,04-12-2025 12:06,1753,0,0,3,0.0467
45996.72424,05-12-2025 17:22,57.7,29.7,74.5,29,04-12-2025 12:06,1756,0,0,3,0.3433
45996.72632,05-12-2025 17:25,57.39,29.7,74.7,37,04-12-2025 12:06,1759,0,0,3,-0.1033
45996.7284,05-12-2025 17:28,58.06,29.7,74.6,28,04-12-2025 12:06,1762,0,0,3,0.2233
45996.73049,05-12-2025 17:31,57.57,29.7,74.4,31,04-12-2025 12:06,1765,0,0,3,-0.1633
45996.73257,05-12-2025 17:34,56.44,29.7,74.1,31,04-12-2025 12:06,1768,0,0,3,-0.3767
45996.78972,05-12-2025 18:57,55.59,29.3,75.9,4095,04-12-2025 12:06,1851,0,0,83,-0.0102
45996.79181,05-12-2025 19:00,55.86,29.5,75.3,4095,04-12-2025 12:06,1854,0,0,3,0.09
45996.79389,05-12-2025 19:03,55.27,29.4,75.3,4095,04-12-2025 12:06,1857,0,0,3,-0.1967
45996.79597,05-12-2025 19:06,54.01,29.5,75.2,4095,04-12-2025 12:06,1860,0,0,3,-0.42
45996.79806,05-12-2025 19:09,54.01,29.4,75.2,4095,04-12-2025 12:06,1863,0,0,3,0
45996.80014,05-12-2025 19:12,53.33,29.5,75.2,4095,04-12-2025 12:06,1866,0,0,3,-0.2267
45997.49302,06-12-2025 11:49,34.5,31.3,66.7,22,04-12-2025 12:06,2863,0,0,997,-0.0189
45997.4951,06-12-2025 11:52,34.64,31.3,66.7,19,04-12-2025 12:06,2866,0,0,3,0.0467
45997.49719,06-12-2025 11:55,34.86,31.7,64.1,25,04-12-2025 12:06,2869,0,0,3,0.0733
45997.49927,06-12-2025 11:58,34.77,31.8,64.2,25,04-12-2025 12:06,2872,0,0,3,-0.03
45997.50135,06-12-2025 12:01,35.14,31.2,66.3,20,04-12-2025 12:06,2875,0,0,3,0.1233
45997.50344,06-12-2025 12:04,34.41,31.5,64.5,24,04-12-2025 12:06,2878,0,0,3,-0.2433
45997.50552,06-12-2025 12:07,34.95,31.5,64.6,20,04-12-2025 12:06,2881,0,0,3,0.18
45997.5076,06-12-2025 12:10,34.77,31.4,64.1,39,04-12-2025 12:06,2884,0,0,3,-0.06
45997.50969,06-12-2025 12:13,34.86,31.4,63.9,20,04-12-2025 12:06,2887,0,0,3,0.03
45997.51177,06-12-2025 12:16,35.36,31.5,63.9,20,04-12-2025 12:06,2890,0,0,3,0.1667
45997.51385,06-12-2025 12:19,34.28,31.5,64,24,04-12-2025 12:06,2893,0,0,3,-0.36
45997.51594,06-12-2025 12:22,34.28,31.5,64.1,25,04-12-2025 12:06,2896,0,0,3,0
45997.51802,06-12-2025 12:25,34.32,31.6,64.1,24,04-12-2025 12:06,2899,0,0,3,0.0133
45997.5201,06-12-2025 12:28,33.87,31.7,63.8,21,04-12-2025 12:06,2902,0,0,3,-0.15
45997.52219,06-12-2025 12:31,34.68,31.6,63.5,23,04-12-2025 12:06,2905,0,0,3,0.27
45997.52427,06-12-2025 12:34,33.92,31.6,63.3,25,04-12-2025 12:06,2908,0,0,3,-0.2533
45997.52635,06-12-2025 12:37,34.19,31.6,63,24,04-12-2025 12:06,2911,0,0,3,0.09
45997.52844,06-12-2025 12:40,34.28,31.7,62.7,23,04-12-2025 12:06,2914,0,0,3,0.03
45997.53052,06-12-2025 12:43,34.1,31.7,62.8,24,04-12-2025 12:06,2917,0,0,3,-0.06
45997.5326,06-12-2025 12:46,34.19,31.8,62.6,25,04-12-2025 12:06,2920,0,0,3,0.03
45997.53469,06-12-2025 12:49,34.23,31.8,62.6,24,04-12-2025 12:06,2923,0,0,3,0.0133
45997.53677,06-12-2025 12:52,34.41,31.8,62.7,25,04-12-2025 12:06,2926,0,0,3,0.06
45997.53885,06-12-2025 12:55,34.05,31.7,62.8,25,04-12-2025 12:06,2929,0,0,3,-0.12
45997.54094,06-12-2025 12:58,34.77,31.6,62.9,24,04-12-2025 12:06,2932,0,0,3,0.24
45997.54302,06-12-2025 13:01,34.91,31.6,63.1,25,04-12-2025 12:06,2935,0,0,3,0.0467
45997.5451,06-12-2025 13:04,34.14,31.7,63.2,24,04-12-2025 12:06,2938,0,0,3,-0.2567
45997.54719,06-12-2025 13:07,34.82,31.7,63.3,23,04-12-2025 12:06,2941,0,0,3,0.2267
45997.54927,06-12-2025 13:10,35.09,31.7,63.4,24,04-12-2025 12:06,2944,0,0,3,0.09
45997.55135,06-12-2025 13:13,35.23,31.7,63.5,23,04-12-2025 12:06,2947,0,0,3,0.0467
45997.55344,06-12-2025 13:16,33.87,31.7,63.7,24,04-12-2025 12:06,2950,0,0,3,-0.4533
45997.55552,06-12-2025 13:19,34.5,31.7,63.8,24,04-12-2025 12:06,2953,0,0,3,0.21
45997.5576,06-12-2025 13:22,33.74,31.7,63.9,23,04-12-2025 12:06,2956,0,0,3,-0.2533
45997.55969,06-12-2025 13:25,33.87,31.7,64.2,24,04-12-2025 12:06,2959,0,0,3,0.0433
45997.56177,06-12-2025 13:28,33.83,31.6,64.6,25,04-12-2025 12:06,2962,0,0,3,-0.0133
45997.56385,06-12-2025 13:31,33.2,31.6,65,24,04-12-2025 12:06,2965,0,0,3,-0.21
45997.56594,06-12-2025 13:34,33.6,31.6,65.4,25,04-12-2025 12:06,2968,0,0,3,0.1333
45997.56802,06-12-2025 13:37,33.56,31.6,65.8,24,04-12-2025 12:06,2971,0,0,3,-0.0133
45997.5701,06-12-2025 13:40,33.33,31.6,66.1,24,04-12-2025 12:06,2974,0,0,3,-0.0767
45997.57219,06-12-2025 13:43,33.65,31.5,66.5,24,04-12-2025 12:06,2977,0,0,3,0.1067
45997.57427,06-12-2025 13:46,33.65,31.4,66.9,25,04-12-2025 12:06,2980,0,0,3,0
45997.57635,06-12-2025 13:49,34.05,31.3,67.2,25,04-12-2025 12:06,2983,0,0,3,0.1333
45997.57844,06-12-2025 13:52,33.83,31.3,67.6,24,04-12-2025 12:06,2986,0,0,3,-0.0733
45997.58052,06-12-2025 13:55,33.33,31.2,68,25,04-12-2025 12:06,2989,0,0,3,-0.1667
45997.5826,06-12-2025 13:58,34.01,31.2,68.4,23,04-12-2025 12:06,2992,0,0,3,0.2267
45997.58469,06-12-2025 14:01,34.19,31.1,68.8,24,04-12-2025 12:06,2995,0,0,3,0.06
45997.58677,06-12-2025 14:04,33.74,31,69.2,25,04-12-2025 12:06,2998,0,0,3,-0.15
45997.58885,06-12-2025 14:07,32.48,30.9,69.5,25,04-12-2025 12:06,3001,0,0,3,-0.42
45997.59094,06-12-2025 14:10,32.39,30.8,69.8,24,04-12-2025 12:06,3004,0,0,3,-0.03
45997.59302,06-12-2025 14:13,32.34,30.7,70.1,24,04-12-2025 12:06,3007,0,0,3,-0.0167
45997.5951,06-12-2025 14:16,32.39,30.7,70.4,25,04-12-2025 12:06,3010,0,0,3,0.0167
45997.59719,06-12-2025 14:19,32.48,30.6,70.7,25,04-12-2025 12:06,3013,0,0,3,0.03
45997.59927,06-12-2025 14:22,32.12,30.6,71,24,04-12-2025 12:06,3016,0,0,3,-0.12
45997.60135,06-12-2025 14:25,31.8,30.5,71.3,24,04-12-2025 12:06,3019,0,0,3,-0.1067
45997.60344,06-12-2025 14:28,32.48,30.5,71.5,25,04-12-2025 12:06,3022,0,0,3,0.2267
45997.60552,06-12-2025 14:31,32.43,30.4,71.7,25,04-12-2025 12:06,3025,0,0,3,-0.0167
45997.6076,06-12-2025 14:34,31.85,30.3,71.9,24,04-12-2025 12:06,3028,0,0,3,-0.1933
45997.60969,06-12-2025 14:37,31.49,30.3,72.2,26,04-12-2025 12:06,3031,0,0,3,-0.12
45997.61177,06-12-2025 14:40,31.4,30.3,72.3,25,04-12-2025 12:06,3034,0,0,3,-0.03
45997.61385,06-12-2025 14:43,32.34,30.3,72.5,25,04-12-2025 12:06,3037,0,0,3,0.3133
45997.61594,06-12-2025 14:46,32.7,30.3,72.6,25,04-12-2025 12:06,3040,0,0,3,0.12
45997.61802,06-12-2025 14:49,31.89,30.2,72.8,25,04-12-2025 12:06,3043,0,0,3,-0.27
45997.6201,06-12-2025 14:52,31.76,30.2,72.9,25,04-12-2025 12:06,3046,0,0,3,-0.0433
45997.62219,06-12-2025 14:55,31.98,30.2,73,25,04-12-2025 12:06,3049,0,0,3,0.0733
45997.62427,06-12-2025 14:58,31.53,30.1,73.1,24,04-12-2025 12:06,3052,0,0,3,-0.15
45997.62635,06-12-2025 15:01,31.94,30.1,73.2,24,04-12-2025 12:06,3055,0,0,3,0.1367
45997.62844,06-12-2025 15:04,31.13,30.1,73.3,25,04-12-2025 12:06,3058,0,0,3,-0.27
45997.63052,06-12-2025 15:07,32.57,30,73.3,24,04-12-2025 12:06,3061,0,0,3,0.48
45997.6326,06-12-2025 15:10,31.26,30,73.3,24,04-12-2025 12:06,3064,0,0,3,-0.4367
45997.63469,06-12-2025 15:13,31.17,30,73.4,24,04-12-2025 12:06,3067,0,0,3,-0.03
45997.63677,06-12-2025 15:16,31.35,30,73.4,24,04-12-2025 12:06,3070,0,0,3,0.06
45997.63885,06-12-2025 15:19,31.22,30,73.4,25,04-12-2025 12:06,3073,0,0,3,-0.0433
45997.64094,06-12-2025 15:22,30.9,30,73.5,25,04-12-2025 12:06,3076,0,0,3,-0.1067
45997.64302,06-12-2025 15:25,31.76,30,73.5,25,04-12-2025 12:06,3079,0,0,3,0.2867
45997.6451,06-12-2025 15:28,31.94,30,73.5,25,04-12-2025 12:06,3082,0,0,3,0.06
45997.64719,06-12-2025 15:31,31.71,30,73.6,25,04-12-2025 12:06,3085,0,0,3,-0.0767
45997.64927,06-12-2025 15:34,31.44,30,73.6,26,04-12-2025 12:06,3088,0,0,3,-0.09
45997.65135,06-12-2025 15:37,31.26,30,73.6,26,04-12-2025 12:06,3091,0,0,3,-0.06
45997.65344,06-12-2025 15:40,31.31,29.9,73.7,26,04-12-2025 12:06,3094,0,0,3,0.0167
45997.65552,06-12-2025 15:43,31.08,30,73.8,24,04-12-2025 12:06,3097,0,0,3,-0.0767
45997.6576,06-12-2025 15:46,31.17,30,73.8,25,04-12-2025 12:06,3100,0,0,3,0.03
45997.65969,06-12-2025 15:49,31.22,30,73.9,26,04-12-2025 12:06,3103,0,0,3,0.0167
45997.66177,06-12-2025 15:52,30.63,30,74,26,04-12-2025 12:06,3106,0,0,3,-0.1967
45997.66385,06-12-2025 15:55,30.41,29.9,74,24,04-12-2025 12:06,3109,0,0,3,-0.0733
45997.66594,06-12-2025 15:58,31.13,29.9,74,25,04-12-2025 12:06,3112,0,0,3,0.24
45997.66802,06-12-2025 16:01,30.9,29.9,74.1,24,04-12-2025 12:06,3115,0,0,3,-0.0767
45997.6701,06-12-2025 16:04,30.99,29.9,74.1,25,04-12-2025 12:06,3118,0,0,3,0.03
45997.67219,06-12-2025 16:07,31.08,29.9,74.2,25,04-12-2025 12:06,3121,0,0,3,0.03
45997.67427,06-12-2025 16:10,30.45,29.9,74.2,26,04-12-2025 12:06,3124,0,0,3,-0.21
45997.67635,06-12-2025 16:13,30.45,29.9,74.2,27,04-12-2025 12:06,3127,0,0,3,0
45997.67844,06-12-2025 16:16,30.5,29.9,74.3,26,04-12-2025 12:06,3130,0,0,3,0.0167
45997.68052,06-12-2025 16:19,30.54,29.9,74.3,25,04-12-2025 12:06,3133,0,0,3,0.0133
45997.6826,06-12-2025 16:22,30.68,29.9,74.4,25,04-12-2025 12:06,3136,0,0,3,0.0467
45997.68469,06-12-2025 16:25,29.87,29.9,74.4,26,04-12-2025 12:06,3139,0,0,3,-0.27
45997.68677,06-12-2025 16:28,30.59,29.8,74.5,25,04-12-2025 12:06,3142,0,0,3,0.24
45997.68885,06-12-2025 16:31,30.45,29.8,74.5,24,04-12-2025 12:06,3145,0,0,3,-0.0467
45997.69094,06-12-2025 16:34,30.63,29.9,74.6,25,04-12-2025 12:06,3148,0,0,3,0.06
45997.69302,06-12-2025 16:37,30.32,29.9,74.6,26,04-12-2025 12:06,3151,0,0,3,-0.1033
45997.6951,06-12-2025 16:40,30.27,29.8,74.7,25,04-12-2025 12:06,3154,0,0,3,-0.0167
45997.69719,06-12-2025 16:43,30,29.8,74.7,25,04-12-2025 12:06,3157,0,0,3,-0.09
45997.69927,06-12-2025 16:46,29.5,29.8,74.8,26,04-12-2025 12:06,3160,0,0,3,-0.1667
45997.70135,06-12-2025 16:49,30.32,29.8,74.8,25,04-12-2025 12:06,3163,0,0,3,0.2733
45997.70344,06-12-2025 16:52,30.14,29.8,74.9,26,04-12-2025 12:06,3166,0,0,3,-0.06
45997.70553,06-12-2025 16:55,29.87,29.8,75,26,04-12-2025 12:06,3169,0,0,3,-0.09
45997.70762,06-12-2025 16:58,29.91,29.8,75,26,04-12-2025 12:06,3172,0,0,3,0.0133
45997.7097,06-12-2025 17:01,29.19,29.8,75.1,25,04-12-2025 12:06,3175,0,0,3,-0.24
45997.71178,06-12-2025 17:04,29.42,29.8,75.2,25,04-12-2025 12:06,3178,0,0,3,0.0767
45997.71387,06-12-2025 17:07,29.5,29.8,75.2,25,04-12-2025 12:06,3181,0,0,3,0.0267
45997.71595,06-12-2025 17:10,29.37,29.8,75.3,24,04-12-2025 12:06,3184,0,0,3,-0.0433
45997.71803,06-12-2025 17:13,28.87,29.8,75.3,25,04-12-2025 12:06,3187,0,0,3,-0.1667
45997.72012,06-12-2025 17:16,27.89,29.9,74.8,76,04-12-2025 12:06,3190,0,0,3,-0.3267
45997.7222,06-12-2025 17:19,27.6,29.8,75,67,04-12-2025 12:06,3193,0,0,3,-0.0967
45997.72428,06-12-2025 17:22,26.89,29.8,75,71,04-12-2025 12:06,3196,0,0,3,-0.2367
45997.72637,06-12-2025 17:25,27.5,29.9,74.9,64,04-12-2025 12:06,3199,0,0,3,0.2033
45997.72845,06-12-2025 17:28,26.56,29.8,74.8,64,04-12-2025 12:06,3202,0,0,3,-0.3133
45997.73053,06-12-2025 17:31,28.23,29.8,74.8,75,04-12-2025 12:06,3205,0,0,3,0.5567
45997.73262,06-12-2025 17:34,27.67,29.8,74.9,65,04-12-2025 12:06,3208,0,0,3,-0.1867
45997.7347,06-12-2025 17:37,26.7,29.8,74.9,4095,04-12-2025 12:06,3211,0,0,3,-0.3233
45997.73678,06-12-2025 17:40,26.45,29.8,75,4095,04-12-2025 12:06,3214,0,0,3,-0.0833
45997.73887,06-12-2025 17:43,27.9,29.8,75.1,4095,04-12-2025 12:06,3217,0,0,3,0.4833
45998.48675,07-12-2025 11:40,20.33,29.7,63.05,22,04-12-2025 12:06,4294,0,0,1077,-0.007
45998.48883,07-12-2025 11:43,19.95,30.07,63.16,24,04-12-2025 12:06,4297,0,0,3,-0.1267
45998.49091,07-12-2025 11:46,19.81,30.03,63,20,04-12-2025 12:06,4300,0,0,3,-0.0467
45998.493,07-12-2025 11:49,19.33,30.18,63.16,26,04-12-2025 12:06,4303,0,0,3,-0.16
45998.49508,07-12-2025 11:52,20.04,29.52,63.11,21,04-12-2025 12:06,4306,0,0,3,0.2367
45998.49716,07-12-2025 11:55,19.3,30.95,63.36,22,04-12-2025 12:06,4309,0,0,3,-0.2467
45998.49925,07-12-2025 11:58,19.51,31.2,63.41,23,04-12-2025 12:06,4312,0,0,3,0.07
45998.50133,07-12-2025 12:01,19.07,29.75,63.83,25,04-12-2025 12:06,4315,0,0,3,-0.1467
45998.50341,07-12-2025 12:04,19.24,30.15,64.04,20,04-12-2025 12:06,4318,0,0,3,0.0567
45998.5055,07-12-2025 12:07,19.03,29.61,64.08,22,04-12-2025 12:06,4321,0,0,3,-0.07
45998.50758,07-12-2025 12:10,19.64,30.4,64.13,25,04-12-2025 12:06,4324,0,0,3,0.2033
45998.50966,07-12-2025 12:13,19.3,31.7,64.5,23,04-12-2025 12:06,4327,0,0,3,-0.1133
45998.51175,07-12-2025 12:16,20.48,30.64,64.52,20,04-12-2025 12:06,4330,0,0,3,0.3933
45998.51383,07-12-2025 12:19,19.98,31.6,64.26,21,04-12-2025 12:06,4333,0,0,3,-0.1667
45998.51591,07-12-2025 12:22,19.64,31.41,64.59,25,04-12-2025 12:06,4336,0,0,3,-0.1133
45998.518,07-12-2025 12:25,19.55,30.59,64.38,20,04-12-2025 12:06,4339,0,0,3,-0.03
45998.52008,07-12-2025 12:28,19.34,31.6,64.27,17,04-12-2025 12:06,4342,0,0,3,-0.07
45998.52216,07-12-2025 12:31,18.8,31.64,64.81,26,04-12-2025 12:06,4345,0,0,3,-0.18
45998.52425,07-12-2025 12:34,19.43,30.84,64.49,20,04-12-2025 12:06,4348,0,0,3,0.21
45998.52633,07-12-2025 12:37,18.54,30.01,64.79,16,04-12-2025 12:06,4351,0,0,3,-0.2967
45998.52841,07-12-2025 12:40,19.47,30.36,65.11,22,04-12-2025 12:06,4354,0,0,3,0.31
45998.5305,07-12-2025 12:43,19.25,30.51,64.89,20,04-12-2025 12:06,4357,0,0,3,-0.0733
45998.53258,07-12-2025 12:46,20.06,30.31,65.45,23,04-12-2025 12:06,4360,0,0,3,0.27
45998.53466,07-12-2025 12:49,19.14,29.73,65.23,19,04-12-2025 12:06,4363,0,0,3,-0.3067
45998.53675,07-12-2025 12:52,18.83,29.87,65.26,20,04-12-2025 12:06,4366,0,0,3,-0.1033
45998.53883,07-12-2025 12:55,18.66,30.5,65.43,18,04-12-2025 12:06,4369,0,0,3,-0.0567
45998.54091,07-12-2025 12:58,18.65,29.86,65.45,22,04-12-2025 12:06,4372,0,0,3,-0.0033
45998.543,07-12-2025 13:01,18.83,30.52,65.46,23,04-12-2025 12:06,4375,0,0,3,0.06
45998.54508,07-12-2025 13:04,18.47,29.67,65.69,25,04-12-2025 12:06,4378,0,0,3,-0.12
45998.54716,07-12-2025 13:07,18.16,30.34,66.04,22,04-12-2025 12:06,4381,0,0,3,-0.1033
45998.54925,07-12-2025 13:10,18.76,29.51,66.16,26,04-12-2025 12:06,4384,0,0,3,0.2
45998.55133,07-12-2025 13:13,18.91,30.24,65.81,22,04-12-2025 12:06,4387,0,0,3,0.05
45998.55341,07-12-2025 13:16,17.57,29.64,66.36,26,04-12-2025 12:06,4390,0,0,3,-0.4467
45998.5555,07-12-2025 13:19,19.07,29.54,66.06,25,04-12-2025 12:06,4393,0,0,3,0.5
45998.55758,07-12-2025 13:22,18.85,30.6,66.38,26,04-12-2025 12:06,4396,0,0,3,-0.0733
45998.55966,07-12-2025 13:25,18.4,30.38,66.32,24,04-12-2025 12:06,4399,0,0,3,-0.15
45998.56175,07-12-2025 13:28,18.39,29.8,66.59,25,04-12-2025 12:06,4402,0,0,3,-0.0033
45998.56383,07-12-2025 13:31,19.12,30.05,66.37,21,04-12-2025 12:06,4405,0,0,3,0.2433
45998.56591,07-12-2025 13:34,18.67,29.87,66.84,23,04-12-2025 12:06,4408,0,0,3,-0.15
45998.568,07-12-2025 13:37,19.28,30.72,66.54,22,04-12-2025 12:06,4411,0,0,3,0.2033
45998.57008,07-12-2025 13:40,18.69,31.02,67.12,21,04-12-2025 12:06,4414,0,0,3,-0.1967
45998.57216,07-12-2025 13:43,18.4,29.96,67.04,26,04-12-2025 12:06,4417,0,0,3,-0.0967
45998.57425,07-12-2025 13:46,17.97,29.56,66.94,22,04-12-2025 12:06,4420,0,0,3,-0.1433
45998.57633,07-12-2025 13:49,17.62,30.63,67.05,21,04-12-2025 12:06,4423,0,0,3,-0.1167
45998.57841,07-12-2025 13:52,17.68,29.92,67.39,18,04-12-2025 12:06,4426,0,0,3,0.02
45998.5805,07-12-2025 13:55,18.49,29.64,67.38,20,04-12-2025 12:06,4429,0,0,3,0.27
45998.58258,07-12-2025 13:58,17.7,30.8,67.48,23,04-12-2025 12:06,4432,0,0,3,-0.2633
45998.58466,07-12-2025 14:01,17.65,30.37,67.66,21,04-12-2025 12:06,4435,0,0,3,-0.0167
45998.58675,07-12-2025 14:04,17.54,29.88,67.75,19,04-12-2025 12:06,4438,0,0,3,-0.0367
45998.58883,07-12-2025 14:07,18.06,30.36,67.74,26,04-12-2025 12:06,4441,0,0,3,0.1733
45998.59091,07-12-2025 14:10,18.22,29.88,67.67,21,04-12-2025 12:06,4444,0,0,3,0.0533
45998.593,07-12-2025 14:13,17.48,29.94,67.96,24,04-12-2025 12:06,4447,0,0,3,-0.2467
45998.59508,07-12-2025 14:16,18.13,30.72,68.28,23,04-12-2025 12:06,4450,0,0,3,0.2167
45998.59716,07-12-2025 14:19,16.76,30.81,67.69,22,04-12-2025 12:06,4453,0,0,3,-0.4567
45998.59925,07-12-2025 14:22,17.85,30.53,68.46,26,04-12-2025 12:06,4456,0,0,3,0.3633
45998.60133,07-12-2025 14:25,17.8,30.06,68.52,21,04-12-2025 12:06,4459,0,0,3,-0.0167
45998.60341,07-12-2025 14:28,18.22,30.52,68.23,20,04-12-2025 12:06,4462,0,0,3,0.14
45998.6055,07-12-2025 14:31,17.97,30.07,68.49,21,04-12-2025 12:06,4465,0,0,3,-0.0833
45998.60758,07-12-2025 14:34,18.26,30.93,68.62,26,04-12-2025 12:06,4468,0,0,3,0.0967
45998.60966,07-12-2025 14:37,17.36,30.07,68.81,20,04-12-2025 12:06,4471,0,0,3,-0.3
45998.61175,07-12-2025 14:40,16.57,30.23,68.83,23,04-12-2025 12:06,4474,0,0,3,-0.2633
45998.61383,07-12-2025 14:43,17.78,30.16,68.99,26,04-12-2025 12:06,4477,0,0,3,0.4033
45998.61591,07-12-2025 14:46,17.01,29.75,68.95,20,04-12-2025 12:06,4480,0,0,3,-0.2567
45998.618,07-12-2025 14:49,17.22,30.61,69.4,25,04-12-2025 12:06,4483,0,0,3,0.07
45998.62008,07-12-2025 14:52,17.49,29.73,68.96,23,04-12-2025 12:06,4486,0,0,3,0.09
45998.62216,07-12-2025 14:55,17.64,30.65,69.11,21,04-12-2025 12:06,4489,0,0,3,0.05
45998.62425,07-12-2025 14:58,17.16,29.78,69.52,22,04-12-2025 12:06,4492,0,0,3,-0.16
45998.62633,07-12-2025 15:01,17.24,29.58,69.52,20,04-12-2025 12:06,4495,0,0,3,0.0267
45998.62841,07-12-2025 15:04,18.11,30.54,69.57,22,04-12-2025 12:06,4498,0,0,3,0.29
45998.6305,07-12-2025 15:07,16.88,29.88,69.65,23,04-12-2025 12:06,4501,0,0,3,-0.41
45998.63258,07-12-2025 15:10,16.65,30.09,69.73,25,04-12-2025 12:06,4504,0,0,3,-0.0767
45998.63466,07-12-2025 15:13,17.12,29.75,69.98,22,04-12-2025 12:06,4507,0,0,3,0.1567
45998.63675,07-12-2025 15:16,17.01,29.66,69.57,21,04-12-2025 12:06,4510,0,0,3,-0.0367
45998.63883,07-12-2025 15:19,16.93,30.23,70.11,24,04-12-2025 12:06,4513,0,0,3,-0.0267
45998.64091,07-12-2025 15:22,16.74,29.92,70.14,23,04-12-2025 12:06,4516,0,0,3,-0.0633
45998.643,07-12-2025 15:25,16.99,29.95,70.39,25,04-12-2025 12:06,4519,0,0,3,0.0833
45998.64508,07-12-2025 15:28,16.39,29.6,70.38,25,04-12-2025 12:06,4522,0,0,3,-0.2
45998.64716,07-12-2025 15:31,16.41,29.54,70.54,20,04-12-2025 12:06,4525,0,0,3,0.0067
45998.64925,07-12-2025 15:34,17.32,29.73,70.43,26,04-12-2025 12:06,4528,0,0,3,0.3033
45998.65133,07-12-2025 15:37,16.6,30.19,70.7,26,04-12-2025 12:06,4531,0,0,3,-0.24
45998.65341,07-12-2025 15:40,15.96,30.41,70.57,25,04-12-2025 12:06,4534,0,0,3,-0.2133
45998.6555,07-12-2025 15:43,15.64,30.87,70.54,20,04-12-2025 12:06,4537,0,0,3,-0.1067
45998.65758,07-12-2025 15:46,16.43,30.03,70.88,20,04-12-2025 12:06,4540,0,0,3,0.2633
45998.65966,07-12-2025 15:49,16.35,30.14,71.32,20,04-12-2025 12:06,4543,0,0,3,-0.0267
45998.66175,07-12-2025 15:52,16.24,29.57,71.18,20,04-12-2025 12:06,4546,0,0,3,-0.0367
45998.66383,07-12-2025 15:55,16.26,30.36,71.27,22,04-12-2025 12:06,4549,0,0,3,0.0067
45998.66591,07-12-2025 15:58,16.27,30.09,71.04,21,04-12-2025 12:06,4552,0,0,3,0.0033
45998.668,07-12-2025 16:01,16.25,29.59,71.03,21,04-12-2025 12:06,4555,0,0,3,-0.0067
45998.67008,07-12-2025 16:04,17.02,30.84,71.55,26,04-12-2025 12:06,4558,0,0,3,0.2567
45998.67216,07-12-2025 16:07,16.34,30.58,71.4,21,04-12-2025 12:06,4561,0,0,3,-0.2267
45998.67425,07-12-2025 16:10,16.06,30.07,71.39,20,04-12-2025 12:06,4564,0,0,3,-0.0933
45998.67633,07-12-2025 16:13,15.77,30.12,72.16,21,04-12-2025 12:06,4567,0,0,3,-0.0967
45998.67841,07-12-2025 16:16,15.88,30.36,71.87,25,04-12-2025 12:06,4570,0,0,3,0.0367
45998.6805,07-12-2025 16:19,15.92,30.77,72.15,25,04-12-2025 12:06,4573,0,0,3,0.0133
45998.68258,07-12-2025 16:22,16.17,30.1,72.1,26,04-12-2025 12:06,4576,0,0,3,0.0833
45998.68466,07-12-2025 16:25,15.63,29.73,71.98,25,04-12-2025 12:06,4579,0,0,3,-0.18
45998.68675,07-12-2025 16:28,14.56,29.88,71.96,20,04-12-2025 12:06,4582,1,0,3,-0.3567
45998.68883,07-12-2025 16:31,15.99,30.14,72.19,24,04-12-2025 12:06,4585,0,0,3,0.4767
45998.69091,07-12-2025 16:34,16.11,30.44,71.86,26,04-12-2025 12:06,4588,0,0,3,0.04
45998.693,07-12-2025 16:37,15.52,30.15,72.48,20,04-12-2025 12:06,4591,0,0,3,-0.1967
45998.69508,07-12-2025 16:40,16.04,29.9,72.6,22,04-12-2025 12:06,4594,0,0,3,0.1733
45998.69716,07-12-2025 16:43,16.02,29.9,72.44,25,04-12-2025 12:06,4597,0,0,3,-0.0067
45998.69925,07-12-2025 16:46,16.06,29.76,73.03,26,04-12-2025 12:06,4600,0,0,3,0.0133
45998.70133,07-12-2025 16:49,15.46,29.3,72.94,23,04-12-2025 12:06,4603,0,0,3,-0.2
45998.70341,07-12-2025 16:52,15.41,29.43,73.02,22,04-12-2025 12:06,4606,0,0,3,-0.0167
45998.7055,07-12-2025 16:55,15.63,28.99,73.12,22,04-12-2025 12:06,4609,0,0,3,0.0733
45998.70758,07-12-2025 16:58,15.8,29.86,73.15,21,04-12-2025 12:06,4612,0,0,3,0.0567
45998.70966,07-12-2025 17:01,15.48,30.01,73.39,22,04-12-2025 12:06,4615,0,0,3,-0.1067
45998.71175,07-12-2025 17:04,15.21,30.66,73.67,24,04-12-2025 12:06,4618,0,0,3,-0.09
45998.71383,07-12-2025 17:07,14.96,30.85,73.01,24,04-12-2025 12:06,4621,1,0,3,-0.0833
45998.71591,07-12-2025 17:10,16.52,30.28,73.38,21,04-12-2025 12:06,4624,0,0,3,0.52
45998.718,07-12-2025 17:13,14.39,29.74,73.68,24,04-12-2025 12:06,4627,1,0,3,-0.71
45998.72008,07-12-2025 17:16,14.73,29.8,73.69,24,04-12-2025 12:06,4630,1,0,3,0.1133
45998.72216,07-12-2025 17:19,15.06,29.59,73.75,23,04-12-2025 12:06,4633,0,0,3,0.11
45998.72425,07-12-2025 17:22,15.57,29.66,73.59,26,04-12-2025 12:06,4636,0,0,3,0.17
45998.72633,07-12-2025 17:25,15.47,29.79,73.97,24,04-12-2025 12:06,4639,0,0,3,-0.0333
45999.44022,08-12-2025 10:33,7.97,30.69,63.26,21,04-12-2025 12:06,5667,1,0,1028,-0.0073
45999.4423,08-12-2025 10:36,8.43,29.9,63.35,20,04-12-2025 12:06,5670,1,0,3,0.1533
45999.44439,08-12-2025 10:39,7.95,29.7,63.43,21,04-12-2025 12:06,5673,1,0,3,-0.16
45999.44647,08-12-2025 10:42,6.98,29.67,63.34,17,04-12-2025 12:06,5676,1,0,3,-0.3233
45999.44855,08-12-2025 10:45,8.21,29.64,63.41,20,04-12-2025 12:06,5679,1,0,3,0.41
45999.45064,08-12-2025 10:48,7.96,30.67,64.15,21,04-12-2025 12:06,5682,1,0,3,-0.0833
45999.45272,08-12-2025 10:51,7.95,30.99,63,24,04-12-2025 12:06,5685,1,0,3,-0.0033
45999.4548,08-12-2025 10:54,7.65,30.97,63.34,21,04-12-2025 12:06,5688,1,0,3,-0.1
45999.45689,08-12-2025 10:57,6.63,30.87,63.44,22,04-12-2025 12:06,5691,1,0,3,-0.34
45999.45897,08-12-2025 11:00,7.88,30.07,63.56,18,04-12-2025 12:06,5694,1,0,3,0.4167
45999.46105,08-12-2025 11:03,7.95,30.4,63.86,17,04-12-2025 12:06,5697,1,0,3,0.0233
45999.46314,08-12-2025 11:06,7.85,30.06,63.91,20,04-12-2025 12:06,5700,1,0,3,-0.0333
45999.46522,08-12-2025 11:09,7.93,29.76,64.77,17,04-12-2025 12:06,5703,1,0,3,0.0267
45999.4673,08-12-2025 11:12,7.87,30.74,64.49,23,04-12-2025 12:06,5706,1,0,3,-0.02
45999.46939,08-12-2025 11:15,7.89,30.79,65.26,22,04-12-2025 12:06,5709,1,0,3,0.0067
45999.47147,08-12-2025 11:18,7.9,30.04,64.66,15,04-12-2025 12:06,5712,1,0,3,0.0033
45999.47355,08-12-2025 11:21,7.84,30.99,65.54,16,04-12-2025 12:06,5715,1,0,3,-0.02
45999.47564,08-12-2025 11:24,7.79,30.31,64.55,16,04-12-2025 12:06,5718,1,0,3,-0.0167
45999.47772,08-12-2025 11:27,7.93,30.56,65.06,20,04-12-2025 12:06,5721,1,0,3,0.0467
45999.4798,08-12-2025 11:30,7.8,30.06,64.35,18,04-12-2025 12:06,5724,1,0,3,-0.0433
45999.48189,08-12-2025 11:33,7.8,30.08,64.11,21,04-12-2025 12:06,5727,1,0,3,0
45999.48397,08-12-2025 11:36,7.79,30.81,65.45,17,08-12-2025 11:36,0,1,1,3,-0.0033
45999.48605,08-12-2025 11:39,9.3,30.67,64.78,16,08-12-2025 11:36,3,1,0,3,0.5033
45999.48814,08-12-2025 11:42,8.94,29.63,65.5,19,08-12-2025 11:36,6,1,0,3,-0.12
45999.49022,08-12-2025 11:45,10.27,30.1,65.91,21,08-12-2025 11:36,9,1,0,3,0.4433
45999.4923,08-12-2025 11:48,13.43,30.77,65.42,20,08-12-2025 11:36,12,1,0,3,1.0533
45999.49439,08-12-2025 11:51,11.8,30.84,66.06,24,08-12-2025 11:36,15,1,0,3,-0.5433
45999.49647,08-12-2025 11:54,13.38,29.6,66.13,19,08-12-2025 11:36,18,1,0,3,0.5267
45999.49855,08-12-2025 11:57,14.44,29.73,65.92,15,08-12-2025 11:36,21,1,0,3,0.3533
45999.50064,08-12-2025 12:00,14.4,30.88,65.23,19,08-12-2025 11:36,24,1,0,3,-0.0133
45999.50272,08-12-2025 12:03,15.09,30.62,66.01,20,08-12-2025 11:36,27,0,0,3,0.23
45999.5048,08-12-2025 12:06,13.95,30.74,65.93,15,08-12-2025 11:36,30,1,0,3,-0.38
45999.50689,08-12-2025 12:09,18.02,30.22,66.57,18,08-12-2025 11:36,33,0,0,3,1.3567
45999.50897,08-12-2025 12:12,15.29,29.56,66.31,18,08-12-2025 11:36,36,0,0,3,-0.91
45999.51105,08-12-2025 12:15,20.15,30.19,66.03,23,08-12-2025 11:36,39,0,0,3,1.62
45999.51314,08-12-2025 12:18,24.65,29.98,66.54,15,08-12-2025 11:36,42,0,0,3,1.5
45999.51522,08-12-2025 12:21,21.3,30.07,65.89,19,08-12-2025 11:36,45,0,0,3,-1.1167
45999.5173,08-12-2025 12:24,22.7,29.65,65.95,20,08-12-2025 11:36,48,0,0,3,0.4667
45999.51939,08-12-2025 12:27,27.39,30.47,66.9,16,08-12-2025 11:36,51,0,0,3,1.5633
45999.52147,08-12-2025 12:30,29.64,30.42,65.83,17,08-12-2025 11:36,54,0,0,3,0.75
45999.52355,08-12-2025 12:33,28.22,29.98,66.34,15,08-12-2025 11:36,57,0,0,3,-0.4733
45999.52564,08-12-2025 12:36,30.63,29.55,66.66,15,08-12-2025 11:36,60,0,0,3,0.8033
45999.52772,08-12-2025 12:39,34.05,30.51,67.27,15,08-12-2025 11:36,63,0,0,3,1.14
45999.5298,08-12-2025 12:42,36.15,30.49,66.46,21,08-12-2025 11:36,66,0,0,3,0.7
45999.53189,08-12-2025 12:45,32.45,29.77,66.53,22,08-12-2025 11:36,69,0,0,3,-1.2333
45999.53397,08-12-2025 12:48,36.4,30.5,67.38,21,08-12-2025 11:36,72,0,0,3,1.3167
45999.53605,08-12-2025 12:51,35.7,30.99,68.22,22,08-12-2025 11:36,75,0,0,3,-0.2333
45999.53814,08-12-2025 12:54,35.65,30.71,67.71,16,08-12-2025 11:36,78,0,0,3,-0.0167
45999.54022,08-12-2025 12:57,39.87,29.74,67.87,23,08-12-2025 11:36,81,0,0,3,1.4067
45999.5423,08-12-2025 13:00,39.3,29.52,68.85,18,08-12-2025 11:36,84,0,0,3,-0.19
45999.54439,08-12-2025 13:03,38.75,29.95,68.44,18,08-12-2025 11:36,87,0,0,3,-0.1833
45999.54647,08-12-2025 13:06,40.5,30.01,67.69,18,08-12-2025 11:36,90,0,0,3,0.5833
45999.54855,08-12-2025 13:09,41.96,30.61,68.32,17,08-12-2025 11:36,93,0,0,3,0.4867
45999.55064,08-12-2025 13:12,48.34,30.23,68.46,17,08-12-2025 11:36,96,0,0,3,2.1267
45999.55272,08-12-2025 13:15,43.6,30.29,68.16,22,08-12-2025 11:36,99,0,0,3,-1.58
45999.5548,08-12-2025 13:18,51.13,30.1,68.63,19,08-12-2025 11:36,102,0,0,3,2.51
45999.55689,08-12-2025 13:21,48.6,30.91,69.16,22,08-12-2025 11:36,105,0,0,3,-0.8433
45999.55897,08-12-2025 13:24,47.9,30.06,68.88,19,08-12-2025 11:36,108,0,0,3,-0.2333
45999.56105,08-12-2025 13:27,50.21,30.05,69.2,21,08-12-2025 11:36,111,0,0,3,0.77
45999.56314,08-12-2025 13:30,50.7,30.81,68.64,16,08-12-2025 11:36,114,0,0,3,0.1633
45999.56522,08-12-2025 13:33,53.4,30.05,69.07,19,08-12-2025 11:36,117,0,0,3,0.9
45999.5673,08-12-2025 13:36,52.4,30.11,68.46,23,08-12-2025 11:36,120,0,0,3,-0.3333
45999.56939,08-12-2025 13:39,49.9,30.3,69.04,20,08-12-2025 11:36,123,0,0,3,-0.8333
45999.57147,08-12-2025 13:42,56.32,30.43,68.78,21,08-12-2025 11:36,126,0,0,3,2.14
45999.57355,08-12-2025 13:45,59.8,30.84,70.27,23,08-12-2025 11:36,129,0,0,3,1.16
45999.57564,08-12-2025 13:48,61.6,30,68.74,18,08-12-2025 11:36,132,0,0,3,0.6
45999.57772,08-12-2025 13:51,63.6,29.53,69.77,22,08-12-2025 11:36,135,0,0,3,0.6667
45999.5798,08-12-2025 13:54,62.4,29.57,70.21,16,08-12-2025 11:36,138,0,0,3,-0.4
45999.58189,08-12-2025 13:57,65.98,30.83,70.33,24,08-12-2025 11:36,141,0,0,3,1.1933
45999.58397,08-12-2025 14:00,65.42,30.43,69.8,24,08-12-2025 11:36,144,0,0,3,-0.1867
45999.58605,08-12-2025 14:03,68.04,30.84,71.45,18,08-12-2025 11:36,147,0,0,3,0.8733
45999.58814,08-12-2025 14:06,68.16,30.39,70.41,21,08-12-2025 11:36,150,0,0,3,0.04
45999.59022,08-12-2025 14:09,69.9,30.5,70.25,21,08-12-2025 11:36,153,0,0,3,0.58
45999.5923,08-12-2025 14:12,68.77,30.25,70.08,22,08-12-2025 11:36,156,0,0,3,-0.3767
45999.59435,08-12-2025 14:15,69.19,31.8,63.3,16,08-12-2025 11:36,159,0,0,3,0.14
45999.59644,08-12-2025 14:18,69.86,31.9,63.9,16,08-12-2025 11:36,162,0,0,3,0.2233
45999.59852,08-12-2025 14:21,71.35,32.1,63.2,17,08-12-2025 11:36,165,0,0,3,0.4967
45999.6006,08-12-2025 14:24,71.71,31.9,63.8,10,08-12-2025 11:36,168,0,0,3,0.12
45999.60269,08-12-2025 14:27,71.89,31.8,64.5,15,08-12-2025 11:36,171,0,0,3,0.06
45999.60477,08-12-2025 14:30,71.26,32,64.8,15,08-12-2025 11:36,174,0,0,3,-0.21
45999.60685,08-12-2025 14:33,72.03,31.7,65.7,15,08-12-2025 11:36,177,0,0,3,0.2567
45999.60894,08-12-2025 14:36,71.98,32,64.7,14,08-12-2025 11:36,180,0,0,3,-0.0167
45999.61102,08-12-2025 14:39,71.31,32.1,64.5,16,08-12-2025 11:36,183,0,0,3,-0.2233
45999.6131,08-12-2025 14:42,71.67,32.2,64.3,15,08-12-2025 11:36,186,0,0,3,0.12
45999.61519,08-12-2025 14:45,71.85,32.2,64.2,15,08-12-2025 11:36,189,0,0,3,0.06
45999.61727,08-12-2025 14:48,71.49,32.3,64.1,15,08-12-2025 11:36,192,0,0,3,-0.12
45999.61935,08-12-2025 14:51,72.25,32.3,64.1,15,08-12-2025 11:36,195,0,0,3,0.2533
45999.62144,08-12-2025 14:54,72.39,32.3,64.2,15,08-12-2025 11:36,198,0,0,3,0.0467
45999.62352,08-12-2025 14:57,71.85,32.3,64.3,15,08-12-2025 11:36,201,0,0,3,-0.18
45999.6256,08-12-2025 15:00,72.25,32.3,64.4,15,08-12-2025 11:36,204,0,0,3,0.1333
45999.62769,08-12-2025 15:03,72.16,32.3,64.4,16,08-12-2025 11:36,207,0,0,3,-0.03
45999.62977,08-12-2025 15:06,71.26,32.2,64.4,15,08-12-2025 11:36,210,0,0,3,-0.3
45999.63185,08-12-2025 15:09,72.16,32.2,64.4,15,08-12-2025 11:36,213,0,0,3,0.3
45999.63394,08-12-2025 15:12,71.89,32.2,64.5,15,08-12-2025 11:36,216,0,0,3,-0.09
45999.63602,08-12-2025 15:15,71.76,32.2,64.5,16,08-12-2025 11:36,219,0,0,3,-0.0433
45999.6381,08-12-2025 15:18,71.44,32.2,64.5,16,08-12-2025 11:36,222,0,0,3,-0.1067
45999.64019,08-12-2025 15:21,71.4,32.2,64.5,15,08-12-2025 11:36,225,0,0,3,-0.0133
45999.64227,08-12-2025 15:24,72.21,32.2,64.6,16,08-12-2025 11:36,228,0,0,3,0.27
45999.64435,08-12-2025 15:27,71.94,32.1,64.6,16,08-12-2025 11:36,231,0,0,3,-0.09
45999.64644,08-12-2025 15:30,72.25,32.1,64.6,16,08-12-2025 11:36,234,0,0,3,0.1033
45999.64852,08-12-2025 15:33,71.35,32,64.6,16,08-12-2025 11:36,237,0,0,3,-0.3
45999.6506,08-12-2025 15:36,70.99,32,64.6,16,08-12-2025 11:36,240,0,0,3,-0.12
45999.65269,08-12-2025 15:39,72.43,31.9,64.6,16,08-12-2025 11:36,243,0,0,3,0.48
45999.65477,08-12-2025 15:42,72.07,31.8,64.6,17,08-12-2025 11:36,246,0,0,3,-0.12
45999.65685,08-12-2025 15:45,71.49,31.8,64.7,16,08-12-2025 11:36,249,0,0,3,-0.1933
45999.65894,08-12-2025 15:48,70.99,31.7,64.7,16,08-12-2025 11:36,252,0,0,3,-0.1667
45999.66102,08-12-2025 15:51,72.16,31.7,64.7,16,08-12-2025 11:36,255,0,0,3,0.39
45999.6631,08-12-2025 15:54,71.44,31.6,64.7,17,08-12-2025 11:36,258,0,0,3,-0.24
45999.66519,08-12-2025 15:57,71.17,31.5,64.8,16,08-12-2025 11:36,261,0,0,3,-0.09
45999.66727,08-12-2025 16:00,71.8,31.4,64.8,16,08-12-2025 11:36,264,0,0,3,0.21
45999.66935,08-12-2025 16:03,72.25,31.3,64.9,17,08-12-2025 11:36,267,0,0,3,0.15
45999.67144,08-12-2025 16:06,71.71,31.3,65,16,08-12-2025 11:36,270,0,0,3,-0.18
45999.67352,08-12-2025 16:09,72.66,31.2,65,16,08-12-2025 11:36,273,0,0,3,0.3167
45999.6756,08-12-2025 16:12,71.76,31.1,65.1,16,08-12-2025 11:36,276,0,0,3,-0.3
45999.67769,08-12-2025 16:15,72.39,31.1,65.2,16,08-12-2025 11:36,279,0,0,3,0.21
45999.67977,08-12-2025 16:18,72.21,31,65.2,16,08-12-2025 11:36,282,0,0,3,-0.06
45999.68185,08-12-2025 16:21,72.34,31,65.3,16,08-12-2025 11:36,285,0,0,3,0.0433
45999.68394,08-12-2025 16:24,71.58,30.9,65.4,16,08-12-2025 11:36,288,0,0,3,-0.2533
45999.68602,08-12-2025 16:27,72.12,30.8,65.5,17,08-12-2025 11:36,291,0,0,3,0.18
45999.6881,08-12-2025 16:30,71.67,30.8,65.6,17,08-12-2025 11:36,294,0,0,3,-0.15
45999.69019,08-12-2025 16:33,72.25,30.7,65.7,17,08-12-2025 11:36,297,0,0,3,0.1933
45999.69227,08-12-2025 16:36,71.53,30.7,65.8,17,08-12-2025 11:36,300,0,0,3,-0.24
45999.69435,08-12-2025 16:39,71.53,30.6,65.9,17,08-12-2025 11:36,303,0,0,3,0
45999.69644,08-12-2025 16:42,72.48,30.5,66,16,08-12-2025 11:36,306,0,0,3,0.3167
45999.69852,08-12-2025 16:45,71.85,30.4,66.1,17,08-12-2025 11:36,309,0,0,3,-0.21
45999.7006,08-12-2025 16:48,72.07,30.4,66.2,17,08-12-2025 11:36,312,0,0,3,0.0733
45999.70269,08-12-2025 16:51,71.89,30.3,66.3,17,08-12-2025 11:36,315,0,0,3,-0.06
45999.70477,08-12-2025 16:54,72.07,30.3,66.5,17,08-12-2025 11:36,318,0,0,3,0.06
45999.70685,08-12-2025 16:57,71.89,30.2,66.6,17,08-12-2025 11:36,321,0,0,3,-0.06
45999.70894,08-12-2025 17:00,71.53,30.2,66.7,16,08-12-2025 11:36,324,0,0,3,-0.12
45999.71102,08-12-2025 17:03,72.57,30.1,66.8,17,08-12-2025 11:36,327,0,0,3,0.3467
45999.7131,08-12-2025 17:06,72.52,30.1,67,16,08-12-2025 11:36,330,0,0,3,-0.0167
45999.71519,08-12-2025 17:09,72.07,30,67.1,17,08-12-2025 11:36,333,0,0,3,-0.15
45999.71727,08-12-2025 17:12,71.85,30,67.2,17,08-12-2025 11:36,336,0,0,3,-0.0733
45999.71935,08-12-2025 17:15,71.58,29.9,67.3,17,08-12-2025 11:36,339,0,0,3,-0.09
45999.72144,08-12-2025 17:18,71.76,29.9,67.4,16,08-12-2025 11:36,342,0,0,3,0.06
45999.72352,08-12-2025 17:21,72.16,29.9,67.6,16,08-12-2025 11:36,345,0,0,3,0.1333
45999.7256,08-12-2025 17:24,71.94,29.8,67.7,17,08-12-2025 11:36,348,0,0,3,-0.0733
45999.72769,08-12-2025 17:27,72.16,29.8,67.8,17,08-12-2025 11:36,351,0,0,3,0.0733
45999.72977,08-12-2025 17:30,72.57,29.8,67.9,17,08-12-2025 11:36,354,0,0,3,0.1367
45999.73185,08-12-2025 17:33,72.48,29.8,68,16,08-12-2025 11:36,357,0,0,3,-0.03
45999.73394,08-12-2025 17:36,72.75,29.8,68.2,17,08-12-2025 11:36,360,0,0,3,0.09
45999.73602,08-12-2025 17:39,71.8,29.7,68.3,16,08-12-2025 11:36,363,0,0,3,-0.3167
45999.7381,08-12-2025 17:42,71.67,29.8,68.4,17,08-12-2025 11:36,366,0,0,3,-0.0433
45999.74019,08-12-2025 17:45,72.39,29.8,68.5,17,08-12-2025 11:36,369,0,0,3,0.24
45999.74227,08-12-2025 17:48,72.39,29.8,68.6,17,08-12-2025 11:36,372,0,0,3,0
45999.74435,08-12-2025 17:51,72.03,29.8,68.8,17,08-12-2025 11:36,375,0,0,3,-0.12
45999.74644,08-12-2025 17:54,72.43,29.8,68.9,17,08-12-2025 11:36,378,0,0,3,0.1333
45999.74852,08-12-2025 17:57,72.34,29.9,70,17,08-12-2025 11:36,381,0,0,3,-0.03
45999.7506,08-12-2025 18:00,71.94,30,70.4,4095,08-12-2025 11:36,384,0,0,3,-0.1333
45999.75269,08-12-2025 18:03,72.79,30,70.4,4095,08-12-2025 11:36,387,0,0,3,0.2833
45999.75477,08-12-2025 18:06,72.16,30,70.5,4095,08-12-2025 11:36,390,0,0,3,-0.21
45999.75685,08-12-2025 18:09,72.66,30,70.5,4095,08-12-2025 11:36,393,0,0,3,0.1667
45999.75894,08-12-2025 18:12,71.8,30,72.5,4095,08-12-2025 11:36,396,0,0,3,-0.2867
45999.76102,08-12-2025 18:15,71.8,30,73.4,4095,08-12-2025 11:36,399,0,0,3,0
45999.7631,08-12-2025 18:18,71.98,30,73.9,4095,08-12-2025 11:36,402,0,0,3,0.06
